p_throws,batter,player_name,mean_estimated_woba,pitch_count,pitch_hand_woba_rank
L,453568,"Blackmon, Charlie",0.3091365663716814,113,393.0
L,456781,"Solano, Donovan",0.3333131,120,229.0
L,457705,"McCutchen, Andrew",0.32825538970588236,136,257.0
L,457759,"Turner, Justin",0.36741396402877696,139,73.0
L,467793,"Santana, Carlos",0.36645503164556964,158,80.0
L,500743,"Rojas, Miguel",0.30417026548672566,113,438.0
L,502054,"Pham, Tommy",0.3372317235772358,123,197.0
L,502110,"Martinez, J.D.",0.4236765174825175,143,12.0
L,502671,"Goldschmidt, Paul",0.35535899382716046,162,116.0
L,514888,"Altuve, Jose",0.3445494518072289,166,163.0
L,516782,"Marte, Starling",0.38168555084745764,118,45.0
L,518595,"d'Arnaud, Travis",0.39756630263157894,76,25.0
L,518692,"Freeman, Freddie",0.33440644,225,217.0
L,518934,"LeMahieu, DJ",0.29880056470588234,85,472.0
L,519203,"Rizzo, Anthony",0.2583651855670103,97,717.0
L,519317,"Stanton, Giancarlo",0.3753723546099291,141,55.0
L,521692,"Perez, Salvador",0.3668522580645161,155,76.0
L,527038,"Flores, Wilmer",0.2983039714285714,105,478.0
L,542303,"Ozuna, Marcell",0.36276094375,160,91.0
L,543257,"Grossman, Robbie",0.2984155396825397,126,476.0
L,543309,"Higashioka, Kyle",0.33348903370786515,89,224.0
L,543510,"McCann, James",0.31263635714285715,84,363.0
L,543760,"Semien, Marcus",0.3664146411764706,170,81.0
L,543807,"Springer, George",0.3334153611111111,144,226.0
L,543877,"Vázquez, Christian",0.26947226595744683,94,672.0
L,545121,"Vargas, Ildemaro",0.3162202992125984,127,328.0
L,545341,"Grichuk, Randal",0.39523864480874316,183,26.0
L,547180,"Harper, Bryce",0.37747532034632036,231,52.0
L,553869,"Díaz, Elias",0.27084655,100,666.0
L,553993,"Suárez, Eugenio",0.36093756020942414,191,100.0
L,570482,"Urshela, Gio",0.2541032523364486,107,735.0
L,571448,"Arenado, Nolan",0.316051625,152,332.0
L,571657,"Farmer, Kyle",0.3495556339285714,112,142.0
L,571745,"Haniger, Mitch",0.2771757638888889,144,630.0
L,571771,"Hernández, Enrique",0.31998974342105263,152,303.0
L,571970,"Muncy, Max",0.3517824939759036,83,130.0
L,572138,"Singleton, Jon",0.20805836585365853,82,798.0
L,572191,"Taylor, Michael A.",0.27588059595959596,99,642.0
L,572233,"Walker, Christian",0.3167007712418301,153,322.0
L,573262,"Yastrzemski, Mike",0.2933497553191489,94,526.0
L,575929,"Contreras, Willson",0.37607855172413795,87,54.0
L,578428,"Iglesias, Jose",0.3380795523809524,105,191.0
L,592192,"Canha, Mark",0.33628507258064516,124,205.0
L,592206,"Castellanos, Nick",0.36672702298850574,174,77.0
L,592273,"Drury, Brandon",0.21376612658227848,79,792.0
L,592450,"Judge, Aaron",0.47591097237569063,181,2.0
L,592518,"Machado, Manny",0.35369694285714287,140,123.0
L,592663,"Realmuto, J.T.",0.3666790714285714,126,78.0
L,592669,"Renfroe, Hunter",0.3018315703125,128,453.0
L,592885,"Yelich, Christian",0.3372894947368421,95,196.0
L,593160,"Merrifield, Whit",0.2966445630252101,119,499.0
L,593428,"Bogaerts, Xander",0.31741956756756756,111,319.0
L,593871,"Polanco, Jorge",0.25631617054263567,129,728.0
L,594807,"Duvall, Adam",0.3899913719008265,121,33.0
L,595777,"Profar, Jurickson",0.3687993023255814,172,67.0
L,595879,"Báez, Javier",0.250258126984127,63,744.0
L,595978,"Hedges, Austin",0.19096486567164178,67,803.0
L,596019,"Lindor, Francisco",0.3848627307692308,182,41.0
L,596103,"Slater, Austin",0.29598698611111113,144,505.0
L,596142,"Sánchez, Gary",0.331817737704918,122,240.0
L,596146,"Kepler, Max",0.29938007692307694,78,468.0
L,600869,"Candelario, Jeimer",0.3058463265306122,147,422.0
L,602104,"Urías, Ramón",0.3328768313253012,83,232.0
L,605113,"Ahmed, Nick",0.30950479310344825,87,387.0
L,605137,"Bell, Josh",0.29392643386243383,189,520.0
L,605141,"Betts, Mookie",0.37409997660818717,171,58.0
L,605170,"Caratini, Victor",0.3353280298507463,67,212.0
L,606115,"Arcia, Orlando",0.263851986013986,143,692.0
L,606192,"Hernández, Teoscar",0.39282585635359113,181,27.0
L,606466,"Marte, Ketel",0.4435241881188119,202,7.0
L,607043,"Nimmo, Brandon",0.3262984565217391,184,269.0
L,607208,"Turner, Trea",0.35049555681818184,176,137.0
L,607680,"Pillar, Kevin",0.3129199262295082,122,362.0
L,607732,"Stallings, Jacob",0.32448148000000004,100,279.0
L,608070,"Ramírez, José",0.38503338251366115,183,40.0
L,608324,"Bregman, Alex",0.34206574719101124,178,176.0
L,608336,"Gallo, Joey",0.24219768253968255,63,767.0
L,608369,"Seager, Corey",0.3377506510067114,149,192.0
L,608385,"Winker, Jesse",0.32391488461538465,104,280.0
L,608701,"Refsnyder, Rob",0.35476510489510493,143,117.0
L,608841,"Meneses, Joey",0.26032160638297874,94,710.0
L,609280,"Andujar, Miguel",0.3559943442622951,61,114.0
L,621020,"Swanson, Dansby",0.3674929512195122,123,71.0
L,621028,"Newman, Kevin",0.2525265078125,128,740.0
L,621035,"Taylor, Chris",0.28954834,100,554.0
L,621043,"Correa, Carlos",0.3677680243902439,82,69.0
L,621438,"Taylor, Tyrone",0.31997747368421053,114,304.0
L,621439,"Buxton, Byron",0.37187301,100,59.0
L,621493,"Ward, Taylor",0.3869190930232558,129,39.0
L,621550,"Wisdom, Patrick",0.2969555631067961,103,496.0
L,621566,"Olson, Matt",0.31260539572192514,187,364.0
L,622534,"Margot, Manuel",0.33663513690476193,168,201.0
L,622761,"Mateo, Jorge",0.2761116781609196,87,641.0
L,623912,"Ramírez, Harold",0.2535443958333333,96,738.0
L,623993,"Santander, Anthony",0.31614754189944133,179,330.0
L,624413,"Alonso, Pete",0.34621063101604277,187,154.0
L,624424,"Conforto, Michael",0.3797648571428571,105,49.0
L,624431,"Trevino, Jose",0.28014079611650483,103,611.0
L,624585,"Soler, Jorge",0.36032077419354835,155,102.0
L,624641,"Sosa, Edmundo",0.3384909435483871,124,189.0
L,628451,"Ibáñez, Andy",0.293269675,160,527.0
L,630105,"Cronenworth, Jake",0.2552852543352601,173,730.0
L,641313,"Anderson, Tim",0.2195758604651163,86,791.0
L,641355,"Bellinger, Cody",0.29812846706586826,167,482.0
L,641487,"Crawford, J.P.",0.34267233098591554,142,173.0
L,641598,"Garver, Mitch",0.3534736025641026,156,124.0
L,641658,"Hampson, Garrett",0.2517226031746032,126,742.0
L,641680,"Heim, Jonah",0.31486884210526317,114,345.0
L,641857,"McMahon, Ryan",0.2982858564102564,195,479.0
L,641933,"O'Neill, Tyler",0.4294741710526316,152,9.0
L,642350,"Siri, Jose",0.32215736363636366,110,291.0
L,642708,"Rosario, Amed",0.293823752,125,521.0
L,642715,"Adames, Willy",0.3098952444444445,180,383.0
L,642731,"Estrada, Thairo",0.26778670833333335,96,678.0
L,643217,"Benintendi, Andrew",0.3094328181818182,121,390.0
L,643289,"Dubón, Mauricio",0.255381140625,128,729.0
L,643376,"Jansen, Danny",0.30723645744680855,94,409.0
L,643396,"Kiner-Falefa, Isiah",0.2875990676691729,133,569.0
L,643446,"McNeil, Jeff",0.2680014406779661,118,677.0
L,643565,"Tauchman, Mike",0.32224327536231884,69,289.0
L,645277,"Albies, Ozzie",0.32649040366972476,109,268.0
L,645302,"Robles, Victor",0.33944694,100,182.0
L,646240,"Devers, Rafael",0.3018138116591928,223,454.0
L,647304,"Naylor, Josh",0.2966607340425532,188,498.0
L,647351,"Toro, Abraham",0.3142509480519481,77,350.0
L,650333,"Arraez, Luis",0.295659776119403,201,508.0
L,650391,"Jiménez, Eloy",0.27724625,92,628.0
L,650402,"Torres, Gleyber",0.3191233611111111,180,309.0
L,650489,"Castro, Willi",0.2812428544303798,158,603.0
L,650490,"Díaz, Yandy",0.4033475539568346,139,21.0
L,650559,"De La Cruz, Bryan",0.33482954945054944,182,214.0
L,655316,"Monasterio, Andruw",0.2683830588235294,68,675.0
L,656305,"Chapman, Matt",0.35847477358490565,159,109.0
L,656413,"Fairchild, Stuart",0.31811953658536585,123,315.0
L,656537,"Hill, Derek",0.3477806666666667,66,149.0
L,656555,"Hoskins, Rhys",0.3036892213740458,131,442.0
L,656582,"Joe, Connor",0.2762503251533743,163,640.0
L,656775,"Mullins, Cedric",0.26442163366336635,101,690.0
L,656896,"Rivera, Emmanuel",0.31377336434108527,129,355.0
L,656941,"Schwarber, Kyle",0.36797430859375,256,68.0
L,657041,"Thomas, Lane",0.37133596153846155,156,61.0
L,657077,"Verdugo, Alex",0.2804106089108911,202,609.0
L,657136,"Wong, Connor",0.31303461073825506,149,361.0
L,657557,"DeJong, Paul",0.25924273553719007,121,714.0
L,657656,"Laureano, Ramón",0.3400691616161616,99,181.0
L,657757,"Sheets, Gavin",0.27783529347826086,92,621.0
L,658668,"Olivares, Edward",0.306323091954023,87,419.0
L,660271,"Ohtani, Shohei",0.40040885171102664,263,24.0
L,660644,"Bruján, Vidal",0.2826710289855073,69,592.0
L,660688,"Ruiz, Keibert",0.2439751212121212,132,757.0
L,660707,"Montero, Elehuris",0.3159800983606557,61,334.0
L,660766,"Yepez, Juan",0.2941269418604651,86,519.0
L,660821,"Sánchez, Jesús",0.2539136283185841,113,736.0
L,661388,"Contreras, William",0.34360130177514797,169,166.0
L,662139,"Varsho, Daulton",0.27175298076923077,104,660.0
L,663368,"Perkins, Blake",0.2886802125,160,560.0
L,663457,"Nootbaar, Lars",0.3291629724770643,109,252.0
L,663527,"Nevin, Tyler",0.3280971653543307,127,258.0
L,663538,"Hoerner, Nico",0.3421043868613139,137,175.0
L,663586,"Riley, Austin",0.3845221111111111,117,43.0
L,663624,"Mountcastle, Ryan",0.3675667692307692,143,70.0
L,663647,"Hayes, Ke'Bryan",0.32546932954545454,88,275.0
L,663656,"Tucker, Kyle",0.34775194308943086,123,150.0
L,663662,"Cameron, Daz",0.3178756976744186,86,317.0
L,663697,"India, Jonathan",0.3617021494252874,174,96.0
L,663698,"Bart, Joey",0.38760590410958906,73,38.0
L,663728,"Raleigh, Cal",0.34803539411764706,170,147.0
L,663743,"Fortes, Nick",0.24396748514851485,101,758.0
L,663837,"Vierling, Matt",0.334575858974359,156,216.0
L,663853,"Gonzalez, Romy",0.3714894846153846,130,60.0
L,663886,"Stephenson, Tyler",0.3421145,136,174.0
L,663898,"Rodgers, Brendan",0.30854535915492953,142,397.0
L,663993,"Lowe, Nathaniel",0.3274852916666667,144,264.0
L,664023,"Happ, Ian",0.299474725,160,467.0
L,664034,"France, Ty",0.3278592406015038,133,260.0
L,664040,"Lowe, Brandon",0.3522859027777778,72,128.0
L,664056,"Bader, Harrison",0.32046514743589744,156,300.0
L,664238,"Moore, Dylan",0.32223512643678165,174,290.0
L,664728,"Isbel, Kyle",0.21030301449275363,69,796.0
L,664761,"Bohm, Alec",0.3628931202185792,183,90.0
L,664983,"McCarthy, Jake",0.30156038356164383,146,459.0
L,665161,"Peña, Jeremy",0.3137660493827161,162,356.0
L,665487,"Tatis Jr., Fernando",0.35883652136752137,117,108.0
L,665489,"Guerrero Jr., Vladimir",0.3752874210526316,133,57.0
L,665506,"Pache, Cristian",0.288889328125,128,558.0
L,665742,"Soto, Juan",0.45393759663865546,238,6.0
L,665750,"Taveras, Leody",0.27297282828282826,99,653.0
L,665804,"Amaya, Miguel",0.27373604347826086,92,650.0
L,665828,"Cabrera, Oswaldo",0.2283081875,80,785.0
L,665833,"Cruz, Oneil",0.29731243243243244,148,490.0
L,665862,"Chisholm Jr., Jazz",0.28162006481481483,216,599.0
L,665926,"Giménez, Andrés",0.26206674193548385,186,701.0
L,666023,"Fermin, Freddy",0.3071963583333333,120,410.0
L,666134,"Jones, Nolan",0.23679384615384616,91,775.0
L,666149,"Fitzgerald, Tyler",0.3528531217391304,115,125.0
L,666176,"Adell, Jo",0.3913633269230769,104,29.0
L,666181,"Benson, Will",0.2704910142857143,70,669.0
L,666182,"Bichette, Bo",0.3256998870967742,62,273.0
L,666185,"Carlson, Dylan",0.2898461034482759,116,551.0
L,666310,"Naylor, Bo",0.2424885176470588,85,765.0
L,666624,"Morel, Christopher",0.295848136,125,506.0
L,666969,"García, Adolis",0.2934502802547771,157,524.0
L,666971,"Gurriel Jr., Lourdes",0.3591726568047337,169,107.0
L,667452,"Julks, Corey",0.2743837032967033,91,649.0
L,667472,"Myers, Dane",0.3325166666666667,66,236.0
L,667670,"Rooker, Brent",0.40279682962962965,135,23.0
L,668227,"Arozarena, Randy",0.3632495801104973,181,89.0
L,668670,"Rogers, Jake",0.2975951274509804,102,485.0
L,668709,"Bleday, JJ",0.29640203278688526,122,502.0
L,668715,"Steer, Spencer",0.3285341183431953,169,254.0
L,668804,"Reynolds, Bryan",0.3357022091836735,196,208.0
L,668885,"Martin, Austin",0.3314713924050633,79,243.0
L,668901,"Vientos, Mark",0.3352954,150,213.0
L,668904,"Lewis, Royce",0.3261167448979592,98,270.0
L,668930,"Turang, Brice",0.2793351515151515,132,613.0
L,668939,"Rutschman, Adley",0.3450008579234973,183,161.0
L,668942,"Rojas, Josh",0.2108802686567164,67,794.0
L,669004,"Melendez, MJ",0.2580017012987013,77,720.0
L,669016,"Marsh, Brandon",0.25634022826086955,92,727.0
L,669127,"Langeliers, Shea",0.32141260000000005,140,296.0
L,669134,"Campusano, Luis",0.24350313043478258,69,762.0
L,669221,"Murphy, Sean",0.276645705882353,68,635.0
L,669222,"Senzel, Nick",0.3356444931506849,73,209.0
L,669224,"Wells, Austin",0.26891352325581397,86,674.0
L,669234,"Malloy, Justyn-Henry",0.3661306857142857,70,83.0
L,669257,"Smith, Will",0.36157970666666667,150,97.0
L,669289,"Espinal, Santiago",0.3034512598425197,127,445.0
L,669304,"Miranda, Jose",0.2632551142857143,140,695.0
L,669357,"Gorman, Nolan",0.2483665,112,749.0
L,669364,"Edwards, Xavier",0.2879627391304348,92,565.0
L,669394,"Burger, Jake",0.3143822921348315,178,348.0
L,669701,"Smith, Josh",0.28598472661870505,139,578.0
L,669707,"Triolo, Jared",0.2817079829059829,117,597.0
L,669720,"Hays, Austin",0.34979204597701147,87,140.0
L,669911,"Toglia, Michael",0.37529902068965515,145,56.0
L,670032,"Lopez, Nicky",0.2018762950819672,61,801.0
L,670042,"Raley, Luke",0.2500984938271605,81,745.0
L,670541,"Alvarez, Yordan",0.38934463768115946,207,34.0
L,670623,"Paredes, Isaac",0.32164387974683545,158,295.0
L,670770,"Friedl, TJ",0.31370896202531645,79,357.0
L,671056,"Herrera, Iván",0.36726476190476187,84,74.0
L,671213,"Casas, Triston",0.34140418032786884,61,177.0
L,671218,"Ramos, Heliot",0.4696250661157025,121,5.0
L,671277,"García Jr., Luis",0.2730500442477876,113,652.0
L,671289,"Freeman, Tyler",0.31578415267175575,131,335.0
L,671732,"Butler, Lawrence",0.32340681609195404,87,282.0
L,671739,"Harris II, Michael",0.34408963888888894,144,164.0
L,672275,"Bailey, Patrick",0.26487543298969074,97,688.0
L,672279,"Siani, Michael",0.20017069306930693,101,802.0
L,672284,"Kelenic, Jarred",0.27583879166666664,72,643.0
L,672356,"Arias, Gabriel",0.27209835384615383,65,658.0
L,672386,"Kirk, Alejandro",0.30379507142857143,98,440.0
L,672515,"Moreno, Gabriel",0.32243747826086955,115,287.0
L,672580,"Garcia, Maikel",0.3171422024539877,163,320.0
L,672640,"Lopez, Otto",0.2879455925925926,135,566.0
L,672695,"Perdomo, Geraldo",0.2721682368421053,114,657.0
L,672761,"Pérez, Wenceel",0.2967082952380953,105,497.0
L,672820,"Sosa, Lenyn",0.3116982457627119,118,373.0
L,673237,"Diaz, Yainer",0.36188833333333337,168,95.0
L,673357,"Robert Jr., Luis",0.27088179611650487,103,665.0
L,673490,"Kim, Ha-Seong",0.3177568780487805,123,318.0
L,673548,"Suzuki, Seiya",0.3625261029411765,136,92.0
L,676059,"Westburg, Jordan",0.34400279279279283,111,165.0
L,676356,"DeLuca, Jonny",0.2944576767676768,99,513.0
L,676369,"Velázquez, Nelson",0.3085462857142857,70,396.0
L,676391,"Clement, Ernie",0.29886846808510636,141,471.0
L,676475,"Burleson, Alec",0.27572507913669064,139,644.0
L,676609,"Caballero, José",0.23676513333333335,120,776.0
L,676694,"Meyers, Jake",0.30452028671328674,143,437.0
L,676801,"McCormick, Chas",0.3382217294117647,85,190.0
L,676914,"Schneider, Davis",0.27896930434782613,138,615.0
L,677587,"Rocchio, Brayan",0.271598690647482,139,662.0
L,677594,"Rodríguez, Julio",0.3369115975609756,164,200.0
L,677649,"Duran, Ezequiel",0.2216295,90,790.0
L,677800,"Abreu, Wilyer",0.2607361076923077,65,706.0
L,677870,"Jiménez, Leo",0.3245785573770492,61,278.0
L,677942,"Alexander, Blaze",0.3207444567901235,81,299.0
L,677951,"Witt Jr., Bobby",0.38812998630136986,146,37.0
L,678009,"Meadows, Parker",0.2883978142857143,70,561.0
L,678246,"Vargas, Miguel",0.25300260869565216,92,739.0
L,678662,"Tovar, Ezequiel",0.30748850970873787,206,407.0
L,678877,"Noel, Jhonkensy",0.3891156883116883,77,35.0
L,678882,"Rafaela, Ceddanne",0.244081677852349,149,756.0
L,679032,"Rojas, Johan",0.2410913738317757,107,769.0
L,679529,"Torkelson, Spencer",0.3047282,95,435.0
L,680118,"Blanco, Dairon",0.35164717391304345,69,131.0
L,680474,"Schuemann, Max",0.28531623300970876,103,580.0
L,680757,"Kwan, Steven",0.34587802247191013,178,155.0
L,680776,"Duran, Jarren",0.3151753436123348,227,343.0
L,680777,"Jeffers, Ryan",0.2879107608695652,138,567.0
L,680869,"Gelof, Zack",0.243860868852459,122,760.0
L,680977,"Donovan, Brendan",0.31657170984455957,193,324.0
L,681082,"Stott, Bryson",0.29720830534351145,131,492.0
L,681146,"Bride, Jonah",0.28103015625,96,604.0
L,681297,"Cowser, Colton",0.29169708666666666,150,542.0
L,681351,"O'Hoppe, Logan",0.33101825225225223,111,247.0
L,681393,"Norby, Connor",0.29838095238095236,63,477.0
L,681624,"Pages, Andy",0.36444174336283186,113,87.0
L,681807,"Fry, David",0.3613990574712644,174,98.0
L,682626,"Alvarez, Francisco",0.32602773863636364,88,271.0
L,682829,"De La Cruz, Elly",0.29428423113207547,212,516.0
L,682928,"Abrams, CJ",0.29416014438502674,187,517.0
L,682985,"Greene, Riley",0.3183718875,160,314.0
L,682998,"Carroll, Corbin",0.3117631773399015,203,371.0
L,683002,"Henderson, Gunnar",0.31507922685185186,216,344.0
L,683011,"Volpe, Anthony",0.30673962564102564,195,413.0
L,683734,"Vaughn, Andrew",0.35096344805194807,154,134.0
L,683737,"Busch, Michael",0.29099432000000003,100,545.0
L,686217,"Frelick, Sal",0.24820730927835055,97,750.0
L,686469,"Pasquantino, Vinnie",0.28095012698412697,126,606.0
L,686668,"Doyle, Brenton",0.35163498159509204,163,133.0
L,686676,"Lee, Korey",0.25771909615384614,104,722.0
L,686681,"Massey, Michael",0.24288873913043482,69,763.0
L,686780,"Pagés, Pedro",0.2723828414634146,82,655.0
L,687263,"Neto, Zach",0.3812879043478261,115,46.0
L,687401,"Ortiz, Joey",0.3094424350649351,154,389.0
L,687462,"Horwitz, Spencer",0.30784085185185184,81,403.0
L,690993,"Keith, Colt",0.23919984269662922,89,771.0
L,691026,"Winn, Masyn",0.2923966510416667,192,535.0
L,691718,"Crow-Armstrong, Pete",0.23039915384615384,91,779.0
L,693304,"Gonzales, Nick",0.33287065979381447,97,233.0
L,694192,"Chourio, Jackson",0.3315061257142857,175,242.0
L,694384,"Schanuel, Nolan",0.29111217391304345,138,544.0
L,694671,"Langford, Wyatt",0.38462529357798164,109,42.0
L,695578,"Wood, James",0.33475496800000004,125,215.0
L,696100,"Goodman, Hunter",0.2971700652173913,92,494.0
L,696285,"Young, Jacob",0.3199427025316456,158,305.0
L,701538,"Merrill, Jackson",0.3359756049382716,162,207.0
L,702358,"Lipscomb, Trey",0.22869938666666664,75,784.0
L,807799,"Yoshida, Masataka",0.2845023831775701,107,584.0
R,444482,"Peralta, David",0.3131572049180328,244,359.0
R,453568,"Blackmon, Charlie",0.30539989333333334,375,425.0
R,455117,"Maldonado, Martín",0.25442552475247526,101,733.0
R,456781,"Solano, Donovan",0.29192022772277226,202,539.0
R,457705,"McCutchen, Andrew",0.3370648904109589,365,199.0
R,457759,"Turner, Justin",0.31874095115681234,389,312.0
R,467793,"Santana, Carlos",0.3165990163551402,428,323.0
R,493329,"Gurriel, Yuli",0.28953195,60,555.0
R,500743,"Rojas, Miguel",0.3117571066666667,225,372.0
R,502054,"Pham, Tommy",0.3167634243243243,370,321.0
R,502110,"Martinez, J.D.",0.3299261859838275,371,250.0
R,502671,"Goldschmidt, Paul",0.3220816386554622,476,293.0
R,514888,"Altuve, Jose",0.30927598825831704,511,392.0
R,516782,"Marte, Starling",0.3283668533333334,300,256.0
R,518595,"d'Arnaud, Travis",0.29908318045112786,266,470.0
R,518692,"Freeman, Freddie",0.380033,418,48.0
R,518735,"Grandal, Yasmani",0.32714154696132597,181,266.0
R,518792,"Heyward, Jason",0.3009039466666667,225,462.0
R,518934,"LeMahieu, DJ",0.30358896478873243,142,443.0
R,519203,"Rizzo, Anthony",0.3080018339222615,283,400.0
R,519317,"Stanton, Giancarlo",0.3662378944281525,341,82.0
R,521692,"Perez, Salvador",0.35992631485148513,505,105.0
R,527038,"Flores, Wilmer",0.27747621875,128,625.0
R,542194,"Bethancourt, Christian",0.268145914893617,94,676.0
R,542303,"Ozuna, Marcell",0.4169415532319392,526,15.0
R,543063,"Crawford, Brandon",0.29520359420289854,69,510.0
R,543228,"Gomes, Yan",0.25771097333333337,75,723.0
R,543257,"Grossman, Robbie",0.28209485714285715,119,593.0
R,543309,"Higashioka, Kyle",0.29024395897435895,195,548.0
R,543510,"McCann, James",0.31249418120805367,149,367.0
R,543685,"Rendon, Anthony",0.2882283869346734,199,563.0
R,543760,"Semien, Marcus",0.3034016319702602,538,446.0
R,543807,"Springer, George",0.3193633894967177,457,308.0
R,543877,"Vázquez, Christian",0.26908907407407406,216,673.0
R,545121,"Vargas, Ildemaro",0.2511370958083832,167,743.0
R,545341,"Grichuk, Randal",0.32030025263157896,95,302.0
R,545361,"Trout, Mike",0.43257745714285717,105,8.0
R,547180,"Harper, Bryce",0.3583123408521303,399,110.0
R,547989,"Abreu, José",0.187318175,80,805.0
R,553869,"Díaz, Elias",0.27969904979253113,241,612.0
R,553882,"Narváez, Omar",0.18975839344262296,61,804.0
R,553993,"Suárez, Eugenio",0.32046258086560364,439,301.0
R,570482,"Urshela, Gio",0.3122893988764045,356,368.0
R,571448,"Arenado, Nolan",0.2931499659574468,470,528.0
R,571466,"Barnhart, Tucker",0.26953937096774194,62,671.0
R,571657,"Farmer, Kyle",0.24420981451612903,124,755.0
R,571745,"Haniger, Mitch",0.2986169114391144,271,475.0
R,571771,"Hernández, Enrique",0.2788575925925926,270,616.0
R,571912,"Maile, Luke",0.22604419811320756,106,787.0
R,571970,"Muncy, Max",0.3812689744680851,235,47.0
R,572138,"Singleton, Jon",0.33601978571428576,322,206.0
R,572191,"Taylor, Michael A.",0.26157834408602154,186,702.0
R,572233,"Walker, Christian",0.3665214895833333,384,79.0
R,572761,"Carpenter, Matt",0.2921419850746269,134,537.0
R,573262,"Yastrzemski, Mike",0.30969656451612904,372,384.0
R,575929,"Contreras, Willson",0.3674290114942529,261,72.0
R,578428,"Iglesias, Jose",0.2840904155844156,231,587.0
R,592178,"Bryant, Kris",0.3323955925925926,108,237.0
R,592192,"Canha, Mark",0.27361576807228916,332,651.0
R,592200,"Casali, Curt",0.263705,74,694.0
R,592206,"Castellanos, Nick",0.33420147165991904,494,220.0
R,592273,"Drury, Brandon",0.27637760071942447,278,637.0
R,592325,"Gamel, Ben",0.34337292500000005,80,170.0
R,592450,"Judge, Aaron",0.4807631924528302,530,1.0
R,592518,"Machado, Manny",0.33338852475247527,505,227.0
R,592626,"Pederson, Joc",0.3906007826086957,391,30.0
R,592663,"Realmuto, J.T.",0.33325740404040405,297,230.0
R,592669,"Renfroe, Hunter",0.2849156856187291,299,582.0
R,592696,"Rosario, Eddie",0.261351256227758,281,704.0
R,592885,"Yelich, Christian",0.3902701380952381,210,32.0
R,593160,"Merrifield, Whit",0.2973434028436019,211,487.0
R,593428,"Bogaerts, Xander",0.30518501114206126,359,430.0
R,593871,"Polanco, Jorge",0.33290677743902436,328,231.0
R,593934,"Sanó, Miguel",0.28187554166666673,72,595.0
R,594807,"Duvall, Adam",0.22822147572815535,206,786.0
R,595281,"Kiermaier, Kevin",0.23847062085308057,211,772.0
R,595777,"Profar, Jurickson",0.35702697011952195,502,112.0
R,595879,"Báez, Javier",0.2749752863636364,220,648.0
R,595909,"Cave, Jake",0.29879806333333336,300,473.0
R,595978,"Hedges, Austin",0.1503369534883721,86,806.0
R,596019,"Lindor, Francisco",0.38215754448398576,562,44.0
R,596103,"Slater, Austin",0.31938914285714287,70,307.0
R,596115,"Story, Trevor",0.2873830131578947,76,573.0
R,596117,"Stubbs, Garrett",0.24770325781250002,128,751.0
R,596129,"Vogelbach, Daniel",0.36494836486486487,74,86.0
R,596142,"Sánchez, Gary",0.2908572576687117,163,547.0
R,596146,"Kepler, Max",0.30607387261146496,314,421.0
R,600869,"Candelario, Jeimer",0.2766069290322581,310,636.0
R,602104,"Urías, Ramón",0.3312491628959276,221,245.0
R,605113,"Ahmed, Nick",0.2232482748091603,131,788.0
R,605131,"Barnes, Austin",0.23985098214285716,112,770.0
R,605137,"Bell, Josh",0.32133203037974684,395,298.0
R,605141,"Betts, Mookie",0.35192768983957223,374,129.0
R,605170,"Caratini, Victor",0.3226935821596244,213,285.0
R,605204,"Davis, J.D.",0.2909934226804124,97,546.0
R,605361,"Martini, Nick",0.28311899193548384,124,589.0
R,606115,"Arcia, Orlando",0.2613942763157895,456,703.0
R,606192,"Hernández, Teoscar",0.33633571743486973,499,204.0
R,606466,"Marte, Ketel",0.3657177438016529,363,84.0
R,607043,"Nimmo, Brandon",0.3431065150943396,530,171.0
R,607208,"Turner, Trea",0.30526062133333337,375,428.0
R,607680,"Pillar, Kevin",0.2544828989361702,188,732.0
R,607732,"Stallings, Jacob",0.3156362840909091,176,336.0
R,608070,"Ramírez, José",0.31189890856031127,514,370.0
R,608324,"Bregman, Alex",0.3138465221238938,452,353.0
R,608336,"Gallo, Joey",0.307126953125,192,411.0
R,608348,"Kelly, Carson",0.2934396996197719,263,525.0
R,608369,"Seager, Corey",0.41686948360655735,366,16.0
R,608385,"Winker, Jesse",0.3454772336448598,428,158.0
R,608671,"Jankowski, Travis",0.247184103626943,193,753.0
R,608701,"Refsnyder, Rob",0.30489347499999997,160,434.0
R,608841,"Meneses, Joey",0.27774811737089206,213,623.0
R,609280,"Andujar, Miguel",0.2708008682170543,258,667.0
R,620443,"Torrens, Luis",0.3377262272727273,88,193.0
R,621020,"Swanson, Dansby",0.31012188336933044,463,381.0
R,621028,"Newman, Kevin",0.2857979602272727,176,579.0
R,621035,"Taylor, Chris",0.3164869677419355,155,326.0
R,621043,"Correa, Carlos",0.35450975636363635,275,119.0
R,621438,"Taylor, Tyrone",0.2970292527472528,273,495.0
R,621439,"Buxton, Byron",0.3523623014184397,282,127.0
R,621466,"Stewart, DJ",0.34074425142857145,175,179.0
R,621493,"Ward, Taylor",0.34498305103969756,529,162.0
R,621512,"Nido, Tomás",0.3113624943820225,89,374.0
R,621550,"Wisdom, Patrick",0.27516891304347824,69,646.0
R,621566,"Olson, Matt",0.350719581300813,492,135.0
R,622534,"Margot, Manuel",0.28171543529411763,170,596.0
R,622761,"Mateo, Jorge",0.25519872807017546,114,731.0
R,623912,"Ramírez, Harold",0.26254840714285715,140,700.0
R,623993,"Santander, Anthony",0.32913843092783507,485,253.0
R,624413,"Alonso, Pete",0.3541068111510791,556,120.0
R,624415,"Biggio, Cavan",0.2537693681318681,182,737.0
R,624424,"Conforto, Michael",0.3391860404312668,371,183.0
R,624428,"Frazier, Adam",0.29187655,260,540.0
R,624431,"Trevino, Jose",0.2603778984375,128,709.0
R,624503,"Gordon, Nick",0.2762748016528926,242,639.0
R,624512,"McGuire, Reese",0.29720875187969925,133,491.0
R,624585,"Soler, Jorge",0.34787279277108435,415,148.0
R,624641,"Sosa, Edmundo",0.28145759210526317,152,602.0
R,628451,"Ibáñez, Andy",0.21162658888888888,90,793.0
R,630105,"Cronenworth, Jake",0.3656870062111801,483,85.0
R,641313,"Anderson, Tim",0.23691904827586208,145,773.0
R,641343,"Bauers, Jake",0.30657202229299363,314,415.0
R,641355,"Bellinger, Cody",0.3067624040920716,391,412.0
R,641432,"Calhoun, Willie",0.30822292342342344,222,398.0
R,641487,"Crawford, J.P.",0.2923757926421405,299,536.0
R,641584,"Fraley, Jake",0.2876718348909657,321,568.0
R,641598,"Garver, Mitch",0.24921340148698884,269,746.0
R,641645,"Guillorme, Luis",0.2832328263473054,167,588.0
R,641658,"Hampson, Garrett",0.25987533962264153,106,712.0
R,641680,"Heim, Jonah",0.26694643126684636,371,683.0
R,641857,"McMahon, Ryan",0.33039804629629627,432,249.0
R,641933,"O'Neill, Tyler",0.2973130746753247,308,489.0
R,641943,"Palacios, Joshua",0.3499621515151515,66,139.0
R,642086,"Smith, Dominic",0.31032048046875,256,380.0
R,642133,"Tellez, Rowdy",0.3057611203208556,374,423.0
R,642136,"Thaiss, Matt",0.3052579724137931,145,429.0
R,642180,"Wade, Tyler",0.2929137438016529,121,530.0
R,642350,"Siri, Jose",0.2936183507692308,325,522.0
R,642708,"Rosario, Amed",0.26727262727272727,220,680.0
R,642715,"Adames, Willy",0.3539190643274854,513,121.0
R,642731,"Estrada, Thairo",0.2631802391304348,276,696.0
R,643217,"Benintendi, Andrew",0.30953433164556965,395,386.0
R,643265,"Cooper, Garrett",0.30054220833333334,72,465.0
R,643289,"Dubón, Mauricio",0.27724312374581944,299,629.0
R,643376,"Jansen, Danny",0.2864086855895197,229,577.0
R,643396,"Kiner-Falefa, Isiah",0.2865236931818182,352,576.0
R,643446,"McNeil, Jeff",0.2987597016574586,362,474.0
R,643565,"Tauchman, Mike",0.33538621071428576,280,211.0
R,645277,"Albies, Ozzie",0.29654546341463417,328,500.0
R,645302,"Robles, Victor",0.322649835106383,188,286.0
R,645305,"Sánchez, Ali",0.22981072131147542,61,781.0
R,645444,"Herrera, Jose",0.24282981690140845,71,764.0
R,646240,"Devers, Rafael",0.4034791008403361,357,20.0
R,647304,"Naylor, Josh",0.33555045940170936,468,210.0
R,647351,"Toro, Abraham",0.28999330714285715,280,550.0
R,650333,"Arraez, Luis",0.33910193621399176,486,184.0
R,650391,"Jiménez, Eloy",0.3064106349206349,252,417.0
R,650402,"Torres, Gleyber",0.3153742359767892,517,340.0
R,650489,"Castro, Willi",0.3388390255319149,470,186.0
R,650490,"Díaz, Yandy",0.31486384680851065,470,346.0
R,650559,"De La Cruz, Bryan",0.2943706463700234,427,514.0
R,650859,"Rengifo, Luis",0.2914478647540984,244,543.0
R,655316,"Monasterio, Andruw",0.3155154027777778,72,338.0
R,656180,"Adams, Riley",0.3165046266666667,75,325.0
R,656248,"Bouchard, Sean",0.26467266666666667,72,689.0
R,656305,"Chapman, Matt",0.33281852016985136,471,234.0
R,656413,"Fairchild, Stuart",0.2787952075471698,106,617.0
R,656537,"Hill, Derek",0.2628126442307692,104,699.0
R,656541,"Hilliard, Sam",0.3017882090909091,110,455.0
R,656555,"Hoskins, Rhys",0.3019895347043702,389,452.0
R,656577,"Jackson, Alex",0.22982784536082473,97,780.0
R,656582,"Joe, Connor",0.27554883333333335,240,645.0
R,656716,"McKinstry, Zach",0.3022571328903655,301,450.0
R,656775,"Mullins, Cedric",0.3017658527918782,394,456.0
R,656811,"O'Hearn, Ryan",0.3621960289532294,449,93.0
R,656896,"Rivera, Emmanuel",0.32183006936416186,173,294.0
R,656941,"Schwarber, Kyle",0.3888576129753915,447,36.0
R,656976,"Smith, Pavin",0.40559233333333333,135,18.0
R,657041,"Thomas, Lane",0.29565971707317074,410,509.0
R,657077,"Verdugo, Alex",0.31250553530751707,439,366.0
R,657136,"Wong, Connor",0.27790638787878785,330,620.0
R,657557,"DeJong, Paul",0.30646472067039104,358,416.0
R,657656,"Laureano, Ramón",0.3051564835680752,213,431.0
R,657757,"Sheets, Gavin",0.31868681728395065,405,313.0
R,658668,"Olivares, Edward",0.3323070476190476,105,238.0
R,660271,"Ohtani, Shohei",0.47147287321063397,489,4.0
R,660644,"Bruján, Vidal",0.2569081231527094,203,725.0
R,660670,"Acuña Jr., Ronald",0.34695190909090906,165,152.0
R,660688,"Ruiz, Keibert",0.29414997134670484,349,518.0
R,660707,"Montero, Elehuris",0.25432685555555556,180,734.0
R,660766,"Yepez, Juan",0.30534770624999996,160,426.0
R,660821,"Sánchez, Jesús",0.37053037740384615,416,63.0
R,661388,"Contreras, William",0.363997107421875,512,88.0
R,662139,"Varsho, Daulton",0.2630187568922306,399,698.0
R,663368,"Perkins, Blake",0.2827192924187725,277,591.0
R,663457,"Nootbaar, Lars",0.36935487372013653,293,66.0
R,663527,"Nevin, Tyler",0.2708979391891892,148,664.0
R,663538,"Hoerner, Nico",0.30534400200803213,498,427.0
R,663550,"Cabbage, Trey",0.27696090476190477,84,633.0
R,663586,"Riley, Austin",0.3613495333333333,345,99.0
R,663616,"Larnach, Trevor",0.353870648,375,122.0
R,663624,"Mountcastle, Ryan",0.3153987671232877,365,339.0
R,663647,"Hayes, Ke'Bryan",0.2565440680272109,294,726.0
R,663656,"Tucker, Kyle",0.42838291346153845,208,10.0
R,663662,"Cameron, Daz",0.26041585,100,708.0
R,663697,"India, Jonathan",0.3495935274725275,455,141.0
R,663698,"Bart, Joey",0.3144096763285024,207,347.0
R,663728,"Raleigh, Cal",0.35037170627802694,446,138.0
R,663743,"Fortes, Nick",0.24387072522522524,222,759.0
R,663757,"Grisham, Trent",0.3151818424242424,165,342.0
R,663837,"Vierling, Matt",0.29819840825688076,436,480.0
R,663853,"Gonzalez, Romy",0.22975733720930233,86,782.0
R,663886,"Stephenson, Tyler",0.31634405913978497,372,327.0
R,663898,"Rodgers, Brendan",0.2951227454545455,385,511.0
R,663993,"Lowe, Nathaniel",0.32987094736842104,418,251.0
R,664023,"Happ, Ian",0.3670620693877551,490,75.0
R,664034,"France, Ty",0.29734226582278483,395,488.0
R,664040,"Lowe, Brandon",0.3458400730994152,342,156.0
R,664056,"Bader, Harrison",0.2843424315789474,285,585.0
R,664238,"Moore, Dylan",0.2851701832061069,262,581.0
R,664314,"Florial, Estevan",0.24738446739130437,92,752.0
R,664728,"Isbel, Kyle",0.2926928088642659,361,532.0
R,664761,"Bohm, Alec",0.33347044289044286,429,225.0
R,664770,"Lukes, Nathan",0.342824972972973,74,172.0
R,664774,"Wade Jr., LaMonte",0.3516423612716763,346,132.0
R,664901,"Mendick, Danny",0.2217672159090909,88,789.0
R,664913,"Brown, Seth",0.29785394277929156,367,483.0
R,664983,"McCarthy, Jake",0.3189321695906433,342,311.0
R,665019,"Clemens, Kody",0.25172803846153846,104,741.0
R,665052,"Conine, Griffin",0.3076795,66,405.0
R,665161,"Peña, Jeremy",0.31423144676409187,479,351.0
R,665487,"Tatis Jr., Fernando",0.4188160391566266,332,13.0
R,665489,"Guerrero Jr., Vladimir",0.41253135304990757,541,17.0
R,665742,"Soto, Juan",0.4729773453093813,501,3.0
R,665750,"Taveras, Leody",0.30806950476190476,420,399.0
R,665804,"Amaya, Miguel",0.313038125,264,360.0
R,665828,"Cabrera, Oswaldo",0.306279673553719,242,420.0
R,665833,"Cruz, Oneil",0.3602040692840647,433,103.0
R,665839,"Valdez, Enmanuel",0.31905952747252747,182,310.0
R,665862,"Chisholm Jr., Jazz",0.3342498708920188,426,219.0
R,665926,"Giménez, Andrés",0.3027083143459916,474,449.0
R,665953,"Chaparro, Andrés",0.24196516091954026,87,768.0
R,666018,"Aranda, Jonathan",0.37130539024390247,123,62.0
R,666023,"Fermin, Freddy",0.26074572653061223,245,705.0
R,666134,"Jones, Nolan",0.3100738769230769,195,382.0
R,666135,"Kirilloff, Alex",0.31316745508982036,167,358.0
R,666139,"Lowe, Josh",0.3078622942942943,333,402.0
R,666149,"Fitzgerald, Tyler",0.2651184866071429,224,687.0
R,666150,"Fletcher, Dominic",0.2423119944134078,179,766.0
R,666152,"Hamilton, David",0.2917970486891386,267,541.0
R,666158,"Lux, Gavin",0.32739827394209353,449,265.0
R,666160,"Moniak, Mickey",0.2920919764397906,382,538.0
R,666163,"Rortvedt, Ben",0.265895256227758,281,684.0
R,666176,"Adell, Jo",0.29572144281524926,341,507.0
R,666181,"Benson, Will",0.2715439392971246,313,663.0
R,666182,"Bichette, Bo",0.29738285,260,486.0
R,666185,"Carlson, Dylan",0.2288570067114094,149,783.0
R,666310,"Naylor, Bo",0.26533772641509434,318,685.0
R,666397,"Julien, Edouard",0.2930673962264151,265,529.0
R,666464,"Encarnacion, Jerar",0.37665395945945945,74,53.0
R,666624,"Morel, Christopher",0.32357337735849057,477,281.0
R,666969,"García, Adolis",0.3094533050847458,472,388.0
R,666971,"Gurriel Jr., Lourdes",0.2993150402144772,373,469.0
R,667452,"Julks, Corey",0.2583576326530612,98,718.0
R,667670,"Rooker, Brent",0.3790460405117271,469,50.0
R,668227,"Arozarena, Randy",0.3160188056768559,458,333.0
R,668670,"Rogers, Jake",0.3091063661417323,254,394.0
R,668709,"Bleday, JJ",0.32533958939096264,509,276.0
R,668715,"Steer, Spencer",0.3109505166666667,480,377.0
R,668731,"Baddoo, Akil",0.3007278961038961,77,464.0
R,668800,"Knizner, Andrew",0.2322624696969697,66,778.0
R,668804,"Reynolds, Bryan",0.35656270625,480,113.0
R,668832,"McCann, Kyle",0.2873974383561644,146,572.0
R,668845,"Schunk, Aaron",0.25858221875,64,716.0
R,668885,"Martin, Austin",0.28820888636363634,176,564.0
R,668901,"Vientos, Mark",0.34077280332409976,361,178.0
R,668904,"Lewis, Royce",0.3142025450450451,222,352.0
R,668930,"Turang, Brice",0.3046568913934426,488,436.0
R,668939,"Rutschman, Adley",0.3057589032967033,455,424.0
R,668942,"Rojas, Josh",0.30668668827930173,401,414.0
R,669003,"Mitchell, Garrett",0.33334207329842935,191,228.0
R,669004,"Melendez, MJ",0.33103849870801033,387,246.0
R,669016,"Marsh, Brandon",0.3365500841836735,392,202.0
R,669065,"Stowers, Kyle",0.2935322727272727,165,523.0
R,669127,"Langeliers, Shea",0.33885793506493506,385,185.0
R,669134,"Campusano, Luis",0.3035718857142857,210,444.0
R,669221,"Murphy, Sean",0.31964471134020617,194,306.0
R,669222,"Senzel, Nick",0.28743288481675394,191,571.0
R,669224,"Wells, Austin",0.34909192156862745,357,145.0
R,669234,"Malloy, Justyn-Henry",0.2436835964912281,171,761.0
R,669242,"Edman, Tommy",0.23691555405405404,148,774.0
R,669257,"Smith, Will",0.32235483252427183,412,288.0
R,669261,"Suwinski, Jack",0.30792791845493567,233,401.0
R,669289,"Espinal, Santiago",0.28165284555984554,259,598.0
R,669304,"Miranda, Jose",0.3267245243055556,288,267.0
R,669357,"Gorman, Nolan",0.33742055913978497,279,195.0
R,669364,"Edwards, Xavier",0.3008106730769231,208,463.0
R,669394,"Burger, Jake",0.34684698971722366,389,153.0
R,669477,"Schmitt, Casey",0.27908221875,64,614.0
R,669701,"Smith, Josh",0.30960327555555556,450,385.0
R,669707,"Triolo, Jared",0.2943160283018868,318,515.0
R,669720,"Hays, Austin",0.24840576219512198,164,748.0
R,669743,"Call, Alex",0.32806805194805194,77,259.0
R,669911,"Toglia, Michael",0.3600215080906149,309,104.0
R,670032,"Lopez, Nicky",0.281521820855615,374,601.0
R,670042,"Raley, Luke",0.33654753825136613,366,203.0
R,670097,"Short, Zack",0.30635836666666666,60,418.0
R,670156,"Mastrobuoni, Miles",0.31381575,88,354.0
R,670242,"Wallner, Matt",0.3784878194444445,216,51.0
R,670541,"Alvarez, Yordan",0.4276333137254902,408,11.0
R,670623,"Paredes, Isaac",0.3072943446088795,473,408.0
R,670764,"Walls, Taylor",0.28291667346938776,196,590.0
R,670770,"Friedl, TJ",0.28972471814671813,259,553.0
R,671056,"Herrera, Iván",0.3695284335260116,173,65.0
R,671213,"Casas, Triston",0.33266632738095236,168,235.0
R,671218,"Ramos, Heliot",0.29984014285714283,392,466.0
R,671277,"García Jr., Luis",0.35065432762836185,409,136.0
R,671289,"Freeman, Tyler",0.28834785774058574,239,562.0
R,671732,"Butler, Lawrence",0.35465747471910114,356,118.0
R,671739,"Harris II, Michael",0.35275835975609754,328,126.0
R,672275,"Bailey, Patrick",0.3343168944281525,341,218.0
R,672279,"Siani, Michael",0.2603049409090909,220,711.0
R,672284,"Kelenic, Jarred",0.3160827345844504,373,331.0
R,672356,"Arias, Gabriel",0.27670401041666665,96,634.0
R,672386,"Kirk, Alejandro",0.33397766187050365,278,221.0
R,672515,"Moreno, Gabriel",0.33372912,225,222.0
R,672580,"Garcia, Maikel",0.2961829581589958,478,503.0
R,672640,"Lopez, Otto",0.32839801351351355,296,255.0
R,672695,"Perdomo, Geraldo",0.2774174247104247,259,626.0
R,672761,"Pérez, Wenceel",0.2867754880239521,334,575.0
R,672820,"Sosa, Lenyn",0.3253102186234818,247,277.0
R,673237,"Diaz, Yainer",0.3315740111607143,448,241.0
R,673357,"Robert Jr., Luis",0.2892896974522293,314,556.0
R,673490,"Kim, Ha-Seong",0.3113102476489028,319,375.0
R,673548,"Suzuki, Seiya",0.34578741363636367,440,157.0
R,673962,"Jung, Josh",0.2948970134228188,149,512.0
R,675961,"Williams, Alika",0.2059405,64,799.0
R,676059,"Westburg, Jordan",0.3598095264705882,340,106.0
R,676116,"Noda, Ryan",0.2676701511627907,86,679.0
R,676356,"DeLuca, Jonny",0.27072104230769234,260,668.0
R,676369,"Velázquez, Nelson",0.31201162420382167,157,369.0
R,676391,"Clement, Ernie",0.27761052768729644,307,624.0
R,676475,"Burleson, Alec",0.3484967725225225,444,146.0
R,676609,"Caballero, José",0.28017801146131804,349,610.0
R,676632,"Madris, Bligh",0.29264090410958904,73,533.0
R,676694,"Meyers, Jake",0.303689675900277,361,441.0
R,676801,"McCormick, Chas",0.27273947727272724,176,654.0
R,676914,"Schneider, Davis",0.3049916234177215,316,433.0
R,677008,"Kjerstad, Heston",0.2927938969072165,97,531.0
R,677587,"Rocchio, Brayan",0.28754511854103343,329,570.0
R,677588,"Tena, José",0.3229993025210084,119,284.0
R,677594,"Rodríguez, Julio",0.3494303772727273,440,144.0
R,677649,"Duran, Ezequiel",0.2672326282722513,191,681.0
R,677800,"Abreu, Wilyer",0.33224002374670186,379,239.0
R,677870,"Jiménez, Leo",0.3089822281879195,149,395.0
R,677942,"Alexander, Blaze",0.21072693877551021,98,795.0
R,677950,"Thomas, Alek",0.358278676056338,71,111.0
R,677951,"Witt Jr., Bobby",0.41728222876949744,577,14.0
R,678009,"Meadows, Parker",0.30323814682539685,252,447.0
R,678225,"Bae, Ji Hwan",0.29717278378378376,74,493.0
R,678246,"Vargas, Miguel",0.2643973172413793,145,691.0
R,678554,"Mead, Curtis",0.23323855555555556,81,777.0
R,678662,"Tovar, Ezequiel",0.2815920021141649,473,600.0
R,678877,"Noel, Jhonkensy",0.2778221310344828,145,622.0
R,678882,"Rafaela, Ceddanne",0.29016060340632605,411,549.0
R,679032,"Rojas, Johan",0.2580545577689243,251,719.0
R,679529,"Torkelson, Spencer",0.27511284539473685,304,647.0
R,679845,"Loftin, Nick",0.2897528305084746,118,552.0
R,680118,"Blanco, Dairon",0.20373090163934426,61,800.0
R,680474,"Schuemann, Max",0.30097700569800573,351,461.0
R,680700,"Palacios, Richie",0.3230832372262774,274,283.0
R,680718,"Barger, Addison",0.31531560752688176,186,341.0
R,680728,"Del Castillo, Adrian",0.3180712608695652,69,316.0
R,680757,"Kwan, Steven",0.3309407060301508,398,248.0
R,680776,"Duran, Jarren",0.36215355040322583,496,94.0
R,680777,"Jeffers, Ryan",0.3155769314641745,321,337.0
R,680779,"Davis, Henry",0.20915689285714287,84,797.0
R,680869,"Gelof, Zack",0.2842338716707022,413,586.0
R,680977,"Donovan, Brendan",0.34952471333333335,450,143.0
R,681082,"Stott, Bryson",0.3109265269058296,446,378.0
R,681146,"Bride, Jonah",0.30408440588235297,170,439.0
R,681297,"Cowser, Colton",0.34059935336538466,416,180.0
R,681351,"O'Hoppe, Logan",0.3385583793103448,406,188.0
R,681393,"Norby, Connor",0.32774019083969463,131,262.0
R,681460,"Baldwin, Brooks",0.26698068888888893,90,682.0
R,681481,"Carpenter, Kerry",0.40528135018050543,277,19.0
R,681546,"Outman, James",0.28458384251968505,127,583.0
R,681624,"Pages, Andy",0.3161996965317919,346,329.0
R,681807,"Fry, David",0.2960191223628692,237,504.0
R,682177,"Schneemann, Daniel",0.2716803125,192,661.0
R,682622,"Marte, Noelvi",0.27844346192893404,197,618.0
R,682626,"Alvarez, Francisco",0.277942593220339,295,619.0
R,682641,"Matos, Luis",0.2770799333333333,105,631.0
R,682657,"Martínez, Angel",0.24901545967741937,124,747.0
R,682829,"De La Cruz, Elly",0.34696527637130803,474,151.0
R,682868,"Ramos, Bryan",0.28097962121212117,66,605.0
R,682928,"Abrams, CJ",0.3386591901234568,405,187.0
R,682985,"Greene, Riley",0.37050569438202247,445,64.0
R,682998,"Carroll, Corbin",0.33361623390557943,466,223.0
R,683002,"Henderson, Gunnar",0.40299838369781316,503,22.0
R,683011,"Volpe, Anthony",0.2807206926070039,514,608.0
R,683021,"Stefanic, Michael",0.25714879746835445,79,724.0
R,683146,"Baty, Brett",0.30204386923076926,130,451.0
R,683734,"Vaughn, Andrew",0.31252978138528137,462,365.0
R,683737,"Busch, Michael",0.3259612956521739,460,272.0
R,686217,"Frelick, Sal",0.28879528538283067,431,559.0
R,686469,"Pasquantino, Vinnie",0.3434543616071429,448,169.0
R,686527,"Canzone, Dominic",0.3214069760479042,167,297.0
R,686554,"Dunn, Oliver",0.2631664375,96,697.0
R,686611,"Crews, Dylan",0.3107546333333333,90,379.0
R,686668,"Doyle, Brenton",0.32755366588785045,428,263.0
R,686676,"Lee, Korey",0.2577788541666666,288,721.0
R,686681,"Massey, Michael",0.3256289611650485,309,274.0
R,686765,"Sogard, Nick",0.3109799253731343,67,376.0
R,686780,"Pagés, Pedro",0.2769872932330827,133,632.0
R,686797,"Lee, Brooks",0.28699166923076924,130,574.0
R,686823,"Brennan, Will",0.30760310526315787,323,406.0
R,687093,"Grissom, Vaughn",0.2819857333333333,90,594.0
R,687231,"Hernaiz, Darell",0.2652711529411765,85,686.0
R,687263,"Neto, Zach",0.30507519037656905,478,432.0
R,687363,"Scott II, Victor",0.24712006542056075,107,754.0
R,687401,"Ortiz, Joey",0.3030232674094708,359,448.0
R,687462,"Horwitz, Spencer",0.34547139261744964,298,159.0
R,687529,"McCray, Grant",0.27238003846153847,104,656.0
R,687597,"Beck, Jordan",0.2697763359375,128,670.0
R,687952,"Encarnacion-Strand, Christian",0.34536362962962963,81,160.0
R,689172,"Wisely, Brett",0.25881617307692306,208,715.0
R,690291,"Jung, Jace",0.2926333411764706,85,534.0
R,690993,"Keith, Colt",0.3278326556701031,485,261.0
R,691016,"Soderstrom, Tyler",0.35536738421052627,190,115.0
R,691023,"Walker, Jordan",0.26049529310344827,116,707.0
R,691026,"Winn, Masyn",0.296494558891455,433,501.0
R,691406,"Caminero, Junior",0.30932816326530616,147,391.0
R,691718,"Crow-Armstrong, Pete",0.3016935857605178,309,457.0
R,693304,"Gonzales, Nick",0.3143452202797203,286,349.0
R,693307,"Dingler, Dillon",0.3015869838709677,62,458.0
R,694192,"Chourio, Jackson",0.33763897249999997,400,194.0
R,694359,"Kavadas, Niko",0.2809016979166667,96,607.0
R,694384,"Schanuel, Nolan",0.3312870108695652,460,244.0
R,694388,"Loperfido, Joey",0.26381903317535543,211,693.0
R,694497,"Carter, Evan",0.29783125954198475,131,484.0
R,694671,"Langford, Wyatt",0.32215502054794526,438,292.0
R,695238,"Wagner, Will",0.390568640625,64,31.0
R,695391,"Harris, Brett",0.2890122134831461,89,557.0
R,695578,"Wood, James",0.36036837799043064,209,101.0
R,696100,"Goodman, Hunter",0.27206043939393937,132,659.0
R,696285,"Young, Jacob",0.27630082,350,638.0
R,700242,"Sweeney, Trey",0.2981802735849057,106,481.0
R,700250,"Rice, Ben",0.3434879323308271,133,167.0
R,700932,"Manzardo, Kyle",0.30770091503267977,153,404.0
R,701538,"Merrill, Jackson",0.39179987045454545,440,28.0
R,702358,"Lipscomb, Trey",0.2774062105263158,133,627.0
R,702616,"Holliday, Jackson",0.25939161111111114,162,713.0
R,805779,"Wilson, Jacob",0.301512225,80,460.0
R,807799,"Yoshida, Masataka",0.337122022875817,306,198.0
R,808982,"Lee, Jung Hoo",0.3434696213592233,103,168.0
