batter,player_name,mean_exit_velo,mean_estimated_woba,pitch_count,exit_velo_rank
444482,"Peralta, David",82.85365853658537,0.35409793814432994,194,169.0
453568,"Blackmon, Charlie",80.21678832116788,0.33025561797752806,356,359.0
456781,"Solano, Donovan",81.95921052631579,0.3580877192982456,228,252.0
457705,"McCutchen, Andrew",82.93541315345699,0.40197756410256413,312,163.0
457759,"Turner, Justin",81.37643467643468,0.34737158469945356,366,296.0
467793,"Santana, Carlos",83.82679999999999,0.3476413301662708,421,85.0
500743,"Rojas, Miguel",80.45874730021599,0.3111726618705036,278,348.0
502054,"Pham, Tommy",84.65301003344482,0.3836368876080692,347,35.0
502110,"Martinez, J.D.",83.42936746987952,0.4615245901639345,305,114.0
502671,"Goldschmidt, Paul",84.55844594594593,0.4260805687203792,422,45.0
514888,"Altuve, Jose",80.97568756875687,0.3541166007905138,506,320.0
516782,"Marte, Starling",81.78440366972477,0.4097697594501718,291,268.0
518595,"d'Arnaud, Travis",83.68219178082192,0.39999999999999997,224,93.0
518692,"Freeman, Freddie",83.05432989690722,0.39064102564102565,468,146.0
518735,"Grandal, Yasmani",85.13698630136986,0.3643176470588235,170,22.0
518792,"Heyward, Jason",82.76742857142857,0.32958928571428575,168,181.0
518934,"LeMahieu, DJ",84.752,0.3179883720930233,172,33.0
519203,"Rizzo, Anthony",82.3327868852459,0.3173727598566308,279,220.0
519317,"Stanton, Giancarlo",86.83672727272727,0.5061530612244898,294,4.0
521692,"Perez, Salvador",84.88138528138528,0.42977661795407096,479,29.0
527038,"Flores, Wilmer",79.2631884057971,0.2905833333333333,180,382.0
542303,"Ozuna, Marcell",85.09284090909091,0.5138382687927107,439,23.0
543257,"Grossman, Robbie",81.396,0.3093355263157895,152,293.0
543309,"Higashioka, Kyle",82.71933701657458,0.3939895287958115,191,183.0
543510,"McCann, James",81.52679738562092,0.39015,160,281.0
543685,"Rendon, Anthony",82.47668711656442,0.2826511627906977,172,204.0
543760,"Semien, Marcus",82.43946557040083,0.3351626617375231,541,207.0
543807,"Springer, George",81.36554404145078,0.35303554502369666,422,299.0
543877,"Vázquez, Christian",81.12483370288248,0.32254506437768243,233,313.0
545121,"Vargas, Ildemaro",82.17088607594937,0.279198347107438,242,230.0
545341,"Grichuk, Randal",85.03205128205128,0.41340000000000005,210,24.0
547180,"Harper, Bryce",83.60266370699223,0.43239379474940337,419,101.0
553869,"Díaz, Elias",81.34947368421052,0.316828,250,301.0
553993,"Suárez, Eugenio",83.09008894536214,0.426632241813602,397,143.0
570482,"Urshela, Gio",80.77960057061341,0.3346530054644809,366,332.0
571448,"Arenado, Nolan",82.34647256438969,0.31810950413223144,484,218.0
571657,"Farmer, Kyle",81.98253968253968,0.3238622754491018,167,251.0
571745,"Haniger, Mitch",84.6135593220339,0.37008800000000003,250,41.0
571771,"Hernández, Enrique",82.94527972027971,0.3340614886731391,309,159.0
571970,"Muncy, Max",84.23095238095237,0.4328888888888889,180,64.0
572138,"Singleton, Jon",83.35354691075514,0.37599190283400813,247,118.0
572191,"Taylor, Michael A.",80.8936305732484,0.3772638036809816,163,322.0
572233,"Walker, Christian",83.14635761589403,0.42641907514450866,346,137.0
573262,"Yastrzemski, Mike",84.27001675041876,0.3740496688741722,302,56.0
575929,"Contreras, Willson",83.61846522781775,0.4528955223880597,201,98.0
578428,"Iglesias, Jose",80.80247148288973,0.3236067415730337,267,329.0
592192,"Canha, Mark",81.28101694915254,0.2993322259136213,301,306.0
592206,"Castellanos, Nick",82.22063666300768,0.40504781704781706,481,225.0
592273,"Drury, Brandon",82.21582417582417,0.2918897959183674,245,226.0
592450,"Judge, Aaron",87.68942189421894,0.6279228855721394,402,1.0
592518,"Machado, Manny",85.64504896626768,0.403847280334728,478,13.0
592626,"Pederson, Joc",84.45027624309392,0.4494007782101167,257,54.0
592663,"Realmuto, J.T.",83.48686514886164,0.4255,284,112.0
592669,"Renfroe, Hunter",83.40516605166052,0.32081456953642384,302,115.0
592696,"Rosario, Eddie",82.94758454106281,0.31680542986425336,221,158.0
592885,"Yelich, Christian",83.83,0.41655980861244024,209,84.0
593160,"Merrifield, Whit",79.35797413793104,0.29900000000000004,240,380.0
593428,"Bogaerts, Xander",82.66205787781351,0.3427900552486188,362,187.0
593871,"Polanco, Jorge",83.17618213660245,0.3973561151079137,278,135.0
594807,"Duvall, Adam",82.10120481927711,0.3784187192118227,203,239.0
595281,"Kiermaier, Kevin",79.49742765273312,0.3089294117647059,170,376.0
595777,"Profar, Jurickson",84.2925925925926,0.37373124999999996,480,55.0
595879,"Báez, Javier",81.92263610315186,0.33287128712871283,202,257.0
595909,"Cave, Jake",80.6517094017094,0.36561777777777776,225,341.0
596019,"Lindor, Francisco",85.64242718446602,0.4391698113207547,530,14.0
596103,"Slater, Austin",83.21585365853657,0.35623770491803275,122,130.0
596117,"Stubbs, Garrett",75.0255905511811,0.2751130434782609,115,400.0
596142,"Sánchez, Gary",83.03206349206349,0.37533714285714287,175,151.0
596146,"Kepler, Max",82.56195652173912,0.35086062717770033,287,196.0
600869,"Candelario, Jeimer",82.11390728476822,0.34544267515923566,314,233.0
602104,"Urías, Ramón",83.50177664974619,0.37137104072398186,221,109.0
605113,"Ahmed, Nick",78.61827242524916,0.3095031847133758,157,390.0
605131,"Barnes, Austin",79.72935323383085,0.3062980769230769,104,369.0
605137,"Bell, Josh",82.39500674763832,0.3538810679611651,412,210.0
605141,"Betts, Mookie",83.82041666666666,0.3646650831353919,421,87.0
605170,"Caratini, Victor",83.86143250688706,0.36933333333333335,198,83.0
605361,"Martini, Nick",82.30096153846154,0.31186915887850464,107,221.0
606115,"Arcia, Orlando",82.5141414141414,0.2988808411214953,428,200.0
606192,"Hernández, Teoscar",83.03399765533412,0.45945734597156396,422,149.0
606466,"Marte, Ketel",86.33478260869565,0.4520554156171285,397,7.0
607043,"Nimmo, Brandon",84.2125,0.3878871681415929,452,67.0
607208,"Turner, Trea",83.02187902187902,0.3667971014492754,414,152.0
607680,"Pillar, Kevin",80.15560538116593,0.3138472222222222,216,360.0
607732,"Stallings, Jacob",82.19583333333333,0.36136931818181817,176,229.0
608070,"Ramírez, José",84.72602979842243,0.35286347517730493,564,34.0
608324,"Bregman, Alex",83.74493243243244,0.34315461847389556,498,90.0
608336,"Gallo, Joey",83.18383458646618,0.4130826446280991,121,132.0
608348,"Kelly, Carson",82.76897435897436,0.34224336283185836,226,180.0
608369,"Seager, Corey",84.57555865921788,0.45811999999999997,375,43.0
608385,"Winker, Jesse",82.20446685878963,0.3664561403508772,342,228.0
608671,"Jankowski, Travis",78.1736059479554,0.25792413793103447,145,394.0
608701,"Refsnyder, Rob",82.65984042553191,0.40204123711340206,194,188.0
608841,"Meneses, Joey",83.6546539379475,0.3024977168949772,219,95.0
609280,"Andujar, Miguel",81.70191082802548,0.3082873563218391,261,275.0
621020,"Swanson, Dansby",83.09292267365662,0.39026153846153844,390,142.0
621028,"Newman, Kevin",80.38378378378378,0.30155371900826444,242,352.0
621035,"Taylor, Chris",80.83503184713376,0.3854896551724138,145,324.0
621043,"Correa, Carlos",85.9298245614035,0.39289534883720934,258,11.0
621438,"Taylor, Tyrone",82.10513307984792,0.359271375464684,269,236.0
621439,"Buxton, Byron",85.02460317460317,0.4557921568627451,255,25.0
621466,"Stewart, DJ",82.51121951219511,0.35463636363636364,110,201.0
621493,"Ward, Taylor",83.95219023779725,0.4308009367681499,427,75.0
621566,"Olson, Matt",83.43194856577645,0.4131862068965517,435,113.0
622534,"Margot, Manuel",81.04312499999999,0.3364521072796935,261,317.0
622761,"Mateo, Jorge",79.43501683501684,0.3207777777777778,144,378.0
623912,"Ramírez, Harold",82.01339869281045,0.3122833333333333,180,246.0
623993,"Santander, Anthony",83.28461538461538,0.36789596602972396,471,125.0
624413,"Alonso, Pete",83.48832035595106,0.42592060085836914,466,110.0
624415,"Biggio, Cavan",77.75846153846155,0.2975663716814159,113,397.0
624424,"Conforto, Michael",83.70365448504982,0.42494603174603174,315,91.0
624428,"Frazier, Adam",78.06869369369369,0.31664356435643565,202,395.0
624431,"Trevino, Jose",82.39205776173284,0.28028823529411767,170,211.0
624503,"Gordon, Nick",79.50844327176782,0.3320989583333333,192,375.0
624512,"McGuire, Reese",79.21230769230769,0.33217821782178214,101,383.0
624585,"Soler, Jorge",83.93304093567251,0.4217577464788732,355,78.0
624641,"Sosa, Edmundo",81.06387434554975,0.3726559139784947,186,316.0
628451,"Ibáñez, Andy",82.00727272727273,0.3182857142857143,168,247.0
630105,"Cronenworth, Jake",82.04745586708204,0.3699434782608696,460,244.0
641313,"Anderson, Tim",80.37955974842768,0.30881761006289304,159,353.0
641343,"Bauers, Jake",82.11191489361701,0.42154594594594597,185,234.0
641355,"Bellinger, Cody",82.4559167750325,0.3295664335664336,429,206.0
641432,"Calhoun, Willie",82.78942857142857,0.3086281407035176,199,178.0
641487,"Crawford, J.P.",81.38206896551723,0.3413886925795053,283,295.0
641584,"Fraley, Jake",79.65255731922399,0.3116462093862816,277,372.0
641598,"Garver, Mitch",83.81498881431769,0.34747844827586205,232,88.0
641645,"Guillorme, Luis",81.09885496183206,0.2847086614173228,127,315.0
641658,"Hampson, Garrett",80.03289473684211,0.3120503144654088,159,365.0
641680,"Heim, Jonah",82.5591922005571,0.31099182561307903,367,197.0
641857,"McMahon, Ryan",83.04048484848484,0.41382228116710873,377,148.0
641933,"O'Neill, Tyler",84.62675521821633,0.48154032258064516,248,40.0
642086,"Smith, Dominic",82.81587301587302,0.350510101010101,198,174.0
642133,"Tellez, Rowdy",83.20264650283553,0.3487348993288591,298,131.0
642136,"Thaiss, Matt",81.02150537634408,0.34982,100,318.0
642180,"Wade, Tyler",76.9747191011236,0.30454901960784314,102,398.0
642350,"Siri, Jose",80.80632911392405,0.4551861471861472,231,328.0
642708,"Rosario, Amed",80.64252136752137,0.33376447876447873,259,342.0
642715,"Adames, Willy",83.00730897009967,0.42118018018018016,444,155.0
642731,"Estrada, Thairo",81.88414634146342,0.310434628975265,283,260.0
643217,"Benintendi, Andrew",81.95894886363637,0.34493963254593174,381,253.0
643289,"Dubón, Mauricio",79.8435294117647,0.29129378531073447,354,366.0
643376,"Jansen, Danny",82.42464114832536,0.29562557077625573,219,208.0
643396,"Kiner-Falefa, Isiah",81.42167721518987,0.3164371727748691,382,289.0
643446,"McNeil, Jeff",81.33319946452477,0.2985407608695652,368,302.0
643565,"Tauchman, Mike",81.36815533980582,0.3547061403508772,228,298.0
645277,"Albies, Ozzie",82.89224259520451,0.3303738872403561,337,167.0
645302,"Robles, Victor",78.62043010752689,0.3557093596059113,203,389.0
646240,"Devers, Rafael",85.48974025974027,0.4567777777777778,378,18.0
647304,"Naylor, Josh",83.95125570776256,0.3574082474226804,485,76.0
647351,"Toro, Abraham",81.45980198019801,0.32730996309963095,271,286.0
650333,"Arraez, Luis",82.2503597122302,0.3249,630,222.0
650391,"Jiménez, Eloy",85.01703163017032,0.3458565737051793,251,26.0
650402,"Torres, Gleyber",82.79382591093118,0.35004526748971193,486,177.0
650489,"Castro, Willi",80.51079478054568,0.3751124694376528,409,346.0
650490,"Díaz, Yandy",84.47939814814815,0.3616355748373102,461,51.0
650559,"De La Cruz, Bryan",83.61897184822521,0.40287560975609754,410,97.0
650859,"Rengifo, Luis",81.8458904109589,0.31371008403361345,238,263.0
656305,"Chapman, Matt",84.5320191158901,0.412987714987715,407,46.0
656413,"Fairchild, Stuart",78.98156862745098,0.3654391891891892,148,387.0
656537,"Hill, Derek",80.48514851485149,0.42429906542056073,107,347.0
656555,"Hoskins, Rhys",82.96363636363637,0.3753225806451613,310,157.0
656582,"Joe, Connor",80.0963190184049,0.29543233082706766,266,364.0
656716,"McKinstry, Zach",82.64159090909092,0.3424599156118143,237,191.0
656775,"Mullins, Cedric",80.82753424657534,0.3249914285714286,350,326.0
656811,"O'Hearn, Ryan",84.49280677009874,0.3741379310344828,377,49.0
656896,"Rivera, Emmanuel",82.36736842105263,0.36948019801980203,202,214.0
656941,"Schwarber, Kyle",86.98881309686222,0.49112531969309464,391,3.0
656976,"Smith, Pavin",84.8448087431694,0.4586330275229358,109,30.0
657041,"Thomas, Lane",83.26527377521613,0.3826054794520548,365,127.0
657077,"Verdugo, Alex",82.07318757192175,0.3197712550607288,494,241.0
657136,"Wong, Connor",80.77861635220125,0.34322121212121215,330,333.0
657557,"DeJong, Paul",82.10854037267082,0.4052935153583618,293,235.0
657656,"Laureano, Ramón",82.70888888888888,0.4351088082901554,193,184.0
657757,"Sheets, Gavin",82.10269886363636,0.3578760806916427,347,237.0
658668,"Olivares, Edward",81.42036363636363,0.3606159420289855,138,290.0
660271,"Ohtani, Shohei",86.66641221374046,0.5649938524590163,488,6.0
660644,"Bruján, Vidal",78.65263157894736,0.2777979274611399,193,388.0
660670,"Acuña Jr., Ronald",84.00035587188611,0.413362962962963,135,74.0
660688,"Ruiz, Keibert",81.27176634214186,0.29614778325123153,406,307.0
660707,"Montero, Elehuris",82.85076923076923,0.3070119760479042,167,172.0
660766,"Yepez, Juan",80.28151260504201,0.3280967741935484,186,357.0
660821,"Sánchez, Jesús",84.47738619676946,0.44241618497109825,346,52.0
661388,"Contreras, William",85.84250585480093,0.41283440860215054,465,12.0
662139,"Varsho, Daulton",80.55222734254993,0.31112302839116723,317,345.0
663368,"Perkins, Blake",81.28688524590164,0.32886619718309856,284,305.0
663457,"Nootbaar, Lars",84.5683870967742,0.400452205882353,272,44.0
663527,"Nevin, Tyler",82.748,0.33664088397790054,181,182.0
663538,"Hoerner, Nico",80.85776595744682,0.31347001934235974,517,323.0
663586,"Riley, Austin",85.61158940397351,0.46309836065573773,305,15.0
663616,"Larnach, Trevor",84.63481953290871,0.41602621722846445,267,39.0
663624,"Mountcastle, Ryan",83.18086500655308,0.40946428571428567,364,134.0
663647,"Hayes, Ke'Bryan",83.11377245508982,0.3090912280701754,285,139.0
663656,"Tucker, Kyle",84.07511961722489,0.42246875,224,72.0
663662,"Cameron, Daz",82.12446351931331,0.36115702479338846,121,232.0
663697,"India, Jonathan",81.81465968586387,0.38233414634146345,410,265.0
663698,"Bart, Joey",82.0158357771261,0.4128268156424581,179,245.0
663728,"Raleigh, Cal",84.63985419198056,0.4476432432432432,370,36.0
663743,"Fortes, Nick",79.34192825112108,0.25665055762081784,269,381.0
663757,"Grisham, Trent",84.4771689497717,0.3776048387096774,124,53.0
663837,"Vierling, Matt",82.83901515151516,0.36253268765133173,413,173.0
663853,"Gonzalez, Romy",83.63074433656958,0.40733103448275865,145,96.0
663886,"Stephenson, Tyler",84.21335504885994,0.3749881656804734,338,66.0
663898,"Rodgers, Brendan",82.37696709585121,0.36780494505494504,364,213.0
663993,"Lowe, Nathaniel",82.96596026490067,0.3689366391184573,363,156.0
664023,"Happ, Ian",83.51230585424135,0.42532080200501254,399,108.0
664034,"France, Ty",83.60824324324324,0.3429125683060109,366,100.0
664040,"Lowe, Brandon",82.94243542435424,0.4421,270,161.0
664056,"Bader, Harrison",81.52144112478031,0.3516908517350158,317,282.0
664238,"Moore, Dylan",82.05418994413408,0.3408273092369478,249,243.0
664728,"Isbel, Kyle",81.45298245614035,0.3162904290429043,303,288.0
664761,"Bohm, Alec",84.24902912621359,0.369856846473029,482,60.0
664774,"Wade Jr., LaMonte",84.10316455696203,0.402725,240,71.0
664913,"Brown, Seth",82.86660412757973,0.3844341085271318,258,168.0
664983,"McCarthy, Jake",78.40800582241631,0.3342786885245902,366,391.0
665161,"Peña, Jeremy",81.91565420560748,0.35590184049079754,489,258.0
665487,"Tatis Jr., Fernando",86.2453531598513,0.48897115384615386,312,9.0
665489,"Guerrero Jr., Vladimir",86.03801295896328,0.4443359223300971,515,10.0
665506,"Pache, Cristian",81.37045454545455,0.3400392156862745,102,297.0
665742,"Soto, Juan",87.5235576923077,0.525012474012474,481,2.0
665750,"Taveras, Leody",81.48759342301943,0.34827868852459015,366,284.0
665804,"Amaya, Miguel",81.93565737051792,0.3324440298507463,268,255.0
665828,"Cabrera, Oswaldo",81.16673913043478,0.31968085106382976,235,311.0
665833,"Cruz, Oneil",86.69190839694656,0.46399441340782127,358,5.0
665839,"Valdez, Enmanuel",82.89898305084746,0.38117006802721093,147,166.0
665862,"Chisholm Jr., Jazz",82.79748427672956,0.38750467289719626,428,176.0
665926,"Giménez, Andrés",80.13589484327603,0.3219549019607843,510,362.0
666023,"Fermin, Freddy",81.75553435114504,0.3059818181818182,275,269.0
666134,"Jones, Nolan",81.45714285714286,0.35498159509202454,163,287.0
666135,"Kirilloff, Alex",84.47962962962963,0.38341592920353984,113,50.0
666139,"Lowe, Josh",82.06259124087592,0.4051724137931034,232,242.0
666149,"Fitzgerald, Tyler",81.4062344139651,0.39962439024390245,205,292.0
666150,"Fletcher, Dominic",79.15904761904761,0.2979698795180723,166,384.0
666152,"Hamilton, David",81.71451187335092,0.3472289719626168,214,274.0
666158,"Lux, Gavin",82.48012326656394,0.3729794117647059,340,203.0
666160,"Moniak, Mickey",82.59520426287744,0.36942960288808663,277,195.0
666163,"Rortvedt, Ben",80.14750656167979,0.2975151515151515,198,361.0
666176,"Adell, Jo",81.35477386934674,0.40527240143369175,279,300.0
666181,"Benson, Will",82.59810426540285,0.39852127659574466,188,194.0
666182,"Bichette, Bo",82.33828451882844,0.3470627615062762,239,219.0
666185,"Carlson, Dylan",80.74256559766764,0.3003680981595092,163,335.0
666310,"Naylor, Bo",82.46875,0.3425080645161291,248,205.0
666397,"Julien, Edouard",83.04134615384616,0.38414197530864197,162,147.0
666624,"Morel, Christopher",83.66868537666174,0.3833882978723404,376,94.0
666969,"García, Adolis",84.24183417085428,0.39226913580246914,405,62.0
666971,"Gurriel Jr., Lourdes",81.9337064676617,0.3635450121654501,411,256.0
667452,"Julks, Corey",79.38223140495867,0.32218548387096774,124,379.0
667670,"Rooker, Brent",83.86251691474966,0.5152621621621621,370,82.0
668227,"Arozarena, Randy",83.24159779614325,0.38183597883597886,378,129.0
668670,"Rogers, Jake",83.90050251256282,0.4043408071748879,223,79.0
668709,"Bleday, JJ",82.51801801801801,0.35266439909297054,441,199.0
668715,"Steer, Spencer",82.20543735224587,0.3474724770642202,436,227.0
668804,"Reynolds, Bryan",83.89756380510441,0.42063123644251627,461,80.0
668885,"Martin, Austin",80.60375,0.33165591397849464,186,343.0
668901,"Vientos, Mark",84.51694630872483,0.4602012578616352,318,47.0
668904,"Lewis, Royce",80.33613636363637,0.37916289592760183,221,355.0
668930,"Turang, Brice",80.55648148148147,0.323305376344086,465,344.0
668939,"Rutschman, Adley",83.10687361419068,0.3429811320754717,477,141.0
668942,"Rojas, Josh",82.69865996649916,0.3342747603833866,313,185.0
669003,"Mitchell, Garrett",82.34791666666666,0.4156850393700788,127,217.0
669004,"Melendez, MJ",84.25030581039755,0.39226602564102564,312,59.0
669016,"Marsh, Brandon",83.94604569420035,0.43026618705035974,278,77.0
669065,"Stowers, Kyle",82.94296875,0.4203728813559322,118,160.0
669127,"Langeliers, Shea",84.76835637480798,0.4302106824925816,337,32.0
669134,"Campusano, Luis",82.54945652173913,0.30437327188940094,217,198.0
669221,"Murphy, Sean",82.22555205047318,0.365933734939759,166,224.0
669222,"Senzel, Nick",79.82545454545455,0.3432857142857143,175,367.0
669224,"Wells, Austin",81.59914089347079,0.38461324041811845,287,277.0
669234,"Malloy, Justyn-Henry",81.73295880149813,0.3745238095238095,126,272.0
669242,"Edman, Tommy",81.90498084291188,0.3131466666666667,150,259.0
669257,"Smith, Will",83.07858910891089,0.37164050632911394,395,144.0
669261,"Suwinski, Jack",82.48443804034582,0.3717939393939394,165,202.0
669289,"Espinal, Santiago",80.41116666666666,0.3068273615635179,307,349.0
669304,"Miranda, Jose",84.19663865546218,0.3389852507374631,339,68.0
669357,"Gorman, Nolan",82.80913242009133,0.4700710900473934,211,175.0
669364,"Edwards, Xavier",79.70993227990971,0.31022685185185184,216,371.0
669394,"Burger, Jake",84.78409742120344,0.4326763157894737,380,31.0
669701,"Smith, Josh",81.12844611528823,0.33357777777777775,405,312.0
669707,"Triolo, Jared",81.87898550724637,0.34687545787545787,273,261.0
669720,"Hays, Austin",83.29869281045752,0.34423295454545455,176,124.0
669911,"Toglia, Michael",84.63946869070209,0.5083070866141732,254,37.0
670032,"Lopez, Nicky",79.14949494949495,0.27285932721712536,327,385.0
670042,"Raley, Luke",82.92038095238095,0.41357303370786513,267,164.0
670242,"Wallner, Matt",83.825,0.5246799999999999,125,86.0
670541,"Alvarez, Yordan",85.56469165659009,0.4619433551198257,459,16.0
670623,"Paredes, Isaac",82.36153071500503,0.30349543378995436,438,215.0
670764,"Walls, Taylor",80.7638036809816,0.2803116883116883,154,334.0
670770,"Friedl, TJ",80.79636363636364,0.2954112903225806,248,330.0
671056,"Herrera, Iván",84.03892405063291,0.43,177,73.0
671213,"Casas, Triston",83.74869888475837,0.4502015503875969,129,89.0
671218,"Ramos, Heliot",84.6134328358209,0.4363695014662756,341,42.0
671277,"García Jr., Luis",83.01692094313454,0.3811747572815534,412,154.0
671289,"Freeman, Tyler",81.57719999999999,0.2897883211678832,274,280.0
671732,"Butler, Lawrence",83.56609294320138,0.43365562913907285,302,104.0
671739,"Harris II, Michael",84.49556574923547,0.41821590909090905,352,48.0
672275,"Bailey, Patrick",83.31822742474917,0.37710299003322256,301,122.0
672279,"Siani, Michael",76.65479115479116,0.2968390243902439,205,399.0
672284,"Kelenic, Jarred",83.57947269303202,0.41312857142857146,280,102.0
672356,"Arias, Gabriel",83.12338308457711,0.39004950495049506,101,138.0
672386,"Kirk, Alejandro",83.48736462093864,0.3382680412371134,291,111.0
672515,"Moreno, Gabriel",83.3439330543933,0.33952610441767067,249,120.0
672580,"Garcia, Maikel",84.25874704491726,0.3332729124236253,491,57.0
672640,"Lopez, Otto",82.10259067357514,0.35796969696969694,330,238.0
672695,"Perdomo, Geraldo",81.11961165048544,0.2750326086956522,276,314.0
672761,"Pérez, Wenceel",82.35921696574225,0.33819805194805197,308,216.0
672820,"Sosa, Lenyn",82.63988970588235,0.3919379562043796,274,192.0
673237,"Diaz, Yainer",83.35313199105146,0.396801652892562,484,119.0
673357,"Robert Jr., Luis",82.77509881422924,0.39752,250,179.0
673490,"Kim, Ha-Seong",81.32329246935201,0.325258785942492,313,304.0
673548,"Suzuki, Seiya",83.36039886039886,0.44508857142857144,350,117.0
673962,"Jung, Josh",82.90762331838566,0.37696875,128,165.0
676059,"Westburg, Jordan",84.63634719710669,0.431391304347826,322,38.0
676356,"DeLuca, Jonny",78.35029469548134,0.3168941176470588,255,392.0
676369,"Velázquez, Nelson",82.852,0.3815862068965517,145,171.0
676391,"Clement, Ernie",80.70208333333333,0.30029187817258884,394,338.0
676475,"Burleson, Alec",83.32426303854875,0.3533148936170213,470,121.0
676609,"Caballero, José",78.24959349593496,0.3372203947368421,304,393.0
676694,"Meyers, Jake",81.5158154859967,0.3562383720930233,344,283.0
676801,"McCormick, Chas",80.6759878419453,0.3634795321637427,171,339.0
676914,"Schneider, Davis",82.38382899628253,0.38327519379844965,258,212.0
677587,"Rocchio, Brayan",79.48535773710482,0.29561682242990656,321,377.0
677588,"Tena, José",81.9460251046025,0.3840932203389831,118,254.0
677594,"Rodríguez, Julio",84.23659420289854,0.44086519607843133,408,63.0
677649,"Duran, Ezequiel",81.25482233502538,0.2955560975609756,205,309.0
677800,"Abreu, Wilyer",83.89153439153439,0.40993115942028985,276,81.0
677870,"Jiménez, Leo",79.6337164750958,0.374349593495935,123,373.0
677942,"Alexander, Blaze",81.98423423423424,0.299421052631579,114,250.0
677951,"Witt Jr., Bobby",85.5242156862745,0.46427109515260323,557,17.0
678009,"Meadows, Parker",81.0158024691358,0.3612641509433962,212,319.0
678246,"Vargas, Miguel",79.62305389221557,0.27779605263157897,152,374.0
678662,"Tovar, Ezequiel",81.40966386554622,0.3922945054945055,455,291.0
678877,"Noel, Jhonkensy",82.23431734317343,0.4276,130,223.0
678882,"Rafaela, Ceddanne",80.65807259073843,0.3604475703324808,391,340.0
679032,"Rojas, Johan",79.77145922746782,0.2905129151291513,271,368.0
679529,"Torkelson, Spencer",82.64594594594594,0.34935802469135807,243,190.0
679845,"Loftin, Nick",79.71408450704224,0.2737222222222222,126,370.0
680474,"Schuemann, Max",82.0990157480315,0.3473309608540925,281,240.0
680700,"Palacios, Richie",81.59710843373495,0.347819587628866,194,278.0
680718,"Barger, Addison",82.12723880597014,0.3709795918367347,147,231.0
680757,"Kwan, Steven",81.26444444444444,0.32466448801742914,459,308.0
680776,"Duran, Jarren",83.15005149330587,0.41538779527559055,508,136.0
680777,"Jeffers, Ryan",80.82996794871795,0.34030312500000004,320,325.0
680869,"Gelof, Zack",81.98536585365854,0.3831,310,249.0
680977,"Donovan, Brendan",83.61049030786772,0.3511940594059406,505,99.0
681082,"Stott, Bryson",81.21541353383459,0.32687764705882355,425,310.0
681146,"Bride, Jonah",81.81807580174927,0.3178722222222222,180,264.0
681297,"Cowser, Colton",83.68994082840237,0.43696407185628744,334,92.0
681351,"O'Hoppe, Logan",83.5141304347826,0.45320123839009285,323,107.0
681393,"Norby, Connor",80.39558823529411,0.4469130434782609,115,351.0
681481,"Carpenter, Kerry",85.45915119363394,0.5018620689655172,203,19.0
681624,"Pages, Andy",81.72123613312202,0.4059485530546624,311,273.0
681807,"Fry, David",83.40413669064748,0.37076029962546814,267,116.0
682177,"Schneemann, Daniel",81.73840830449828,0.3528778625954198,131,271.0
682622,"Marte, Noelvi",81.38811881188118,0.3741806451612903,155,294.0
682626,"Alvarez, Francisco",83.26984815618222,0.3472292490118577,253,126.0
682641,"Matos, Luis",82.85236051502146,0.30780314960629923,127,170.0
682657,"Martínez, Angel",80.72107438016529,0.2915123966942149,121,336.0
682829,"De La Cruz, Elly",84.10766016713092,0.44483919597989946,398,70.0
682928,"Abrams, CJ",81.65576923076924,0.37565133171912835,413,276.0
682985,"Greene, Riley",83.18215223097113,0.4451835106382979,376,133.0
682998,"Carroll, Corbin",83.03286978508217,0.3557995642701525,459,150.0
683002,"Henderson, Gunnar",84.90923248053392,0.4501054852320675,474,28.0
683011,"Volpe, Anthony",81.8102512562814,0.340426,500,266.0
683146,"Baty, Brett",80.8237885462555,0.32920000000000005,110,327.0
683734,"Vaughn, Andrew",84.22275943396225,0.37992986425339365,442,65.0
683737,"Busch, Michael",83.31483594864478,0.40242686567164176,335,123.0
686217,"Frelick, Sal",79.06718528995756,0.2918673218673219,407,386.0
686469,"Pasquantino, Vinnie",85.36101499423299,0.3514352678571429,448,20.0
686527,"Canzone, Dominic",82.41643192488263,0.3965565217391304,115,209.0
686668,"Doyle, Brenton",82.69338028169014,0.4181628498727735,393,186.0
686676,"Lee, Korey",81.47505070993914,0.35439763779527556,254,285.0
686681,"Massey, Michael",83.57062937062938,0.35081481481481486,297,103.0
686780,"Pagés, Pedro",82.64765100671141,0.3487222222222222,144,189.0
686797,"Lee, Brooks",81.79421487603307,0.3016095890410959,146,267.0
686823,"Brennan, Will",80.41059479553904,0.3215296167247387,287,350.0
687263,"Neto, Zach",83.01920529801325,0.3789625935162095,401,153.0
687363,"Scott II, Victor",80.36182795698925,0.31876470588235295,102,354.0
687401,"Ortiz, Joey",81.32349486049927,0.3271671469740634,347,303.0
687462,"Horwitz, Spencer",81.75543672014261,0.36366030534351146,262,270.0
687597,"Beck, Jordan",80.89532710280373,0.3857641509433962,106,321.0
689172,"Wisely, Brett",80.26125356125357,0.31533155080213904,187,358.0
690993,"Keith, Colt",83.24311543810849,0.36541545893719807,414,128.0
691016,"Soderstrom, Tyler",85.18091286307053,0.42783211678832117,137,21.0
691023,"Walker, Jordan",84.13923444976076,0.36779464285714286,112,69.0
691026,"Winn, Masyn",80.30033444816053,0.3296764705882353,476,356.0
691406,"Caminero, Junior",84.94021164021164,0.3592222222222222,126,27.0
691718,"Crow-Armstrong, Pete",80.70756756756757,0.34936823104693143,277,337.0
693304,"Gonzales, Nick",81.86803738317758,0.37238675958188155,287,262.0
694192,"Chourio, Jackson",84.24494382022472,0.4019012048192771,415,61.0
694384,"Schanuel, Nolan",80.78830188679245,0.33312380952380954,420,331.0
694388,"Loperfido, Joey",81.5831715210356,0.368503355704698,149,279.0
694671,"Langford, Wyatt",83.51467625899281,0.386007874015748,381,106.0
695578,"Wood, James",86.29016853932585,0.4544873096446701,197,8.0
696100,"Goodman, Hunter",81.98935483870967,0.373006711409396,149,248.0
696285,"Young, Jacob",77.86718506998444,0.324010989010989,364,396.0
700250,"Rice, Ben",82.61502145922746,0.4162385321100917,109,193.0
700932,"Manzardo, Kyle",83.53640350877193,0.3592583333333333,120,105.0
701538,"Merrill, Jackson",83.05486542443064,0.43947761194029855,469,145.0
702358,"Lipscomb, Trey",80.10647482014387,0.2772066666666667,150,363.0
702616,"Holliday, Jackson",83.1073593073593,0.35040983606557374,122,140.0
807799,"Yoshida, Masataka",82.93869863013698,0.3279534161490683,322,162.0
808982,"Lee, Jung Hoo",84.25172413793102,0.31972,125,58.0
