batter,swing_speed_rank,player_name,swing_length_rank,launch_angle_rank,exit_velo_rank,risp_woba_rank,pitch_hand_woba_rank,avgbypitch_wobarank,average_rank
444482,220.0,"Peralta, David",252.0,299.0,169.0,120.0,359.0,1251.8,381.54285714285714
453568,381.0,"Blackmon, Charlie",276.0,103.0,359.0,246.0,393.0,1180.7142857142858,419.81632653061223
456781,399.0,"Solano, Donovan",339.0,128.0,252.0,141.0,229.0,1614.0,443.14285714285717
457705,129.0,"McCutchen, Andrew",70.0,242.0,163.0,144.0,257.0,1118.2857142857142,303.3265306122449
457759,422.0,"Turner, Justin",431.0,17.0,296.0,123.0,73.0,968.3333333333334,332.9047619047619
467793,166.0,"Santana, Carlos",88.0,208.0,85.0,135.0,80.0,1190.625,278.94642857142856
500743,395.0,"Rojas, Miguel",355.0,348.0,348.0,104.0,438.0,1236.0,460.57142857142856
502054,98.0,"Pham, Tommy",364.0,319.0,35.0,163.0,197.0,1165.5714285714287,334.51020408163265
502110,130.0,"Martinez, J.D.",3.0,120.0,114.0,17.0,12.0,900.2857142857143,185.18367346938774
502671,109.0,"Goldschmidt, Paul",44.0,148.0,45.0,195.0,116.0,1137.875,256.4107142857143
514888,355.0,"Altuve, Jose",49.0,307.0,320.0,215.0,163.0,1388.125,399.5892857142857
516782,207.0,"Marte, Starling",265.0,388.0,268.0,59.0,45.0,628.1428571428571,265.734693877551
518595,183.0,"d'Arnaud, Travis",42.0,244.0,93.0,111.0,25.0,1180.3333333333333,268.3333333333333
518692,284.0,"Freeman, Freddie",392.0,205.0,146.0,24.0,217.0,669.4285714285714,276.7755102040816
518735,340.0,"Grandal, Yasmani",197.0,327.0,22.0,153.0,266.0,1113.4,345.4857142857143
518792,74.0,"Heyward, Jason",5.0,358.0,181.0,323.0,462.0,1404.8,401.11428571428576
518934,397.0,"LeMahieu, DJ",296.0,352.0,33.0,328.0,472.0,925.75,400.5357142857143
519203,346.0,"Rizzo, Anthony",395.0,219.0,220.0,310.0,717.0,1693.2857142857142,557.1836734693877
519317,1.0,"Stanton, Giancarlo",2.0,58.0,4.0,8.0,55.0,1012.5714285714286,162.93877551020407
521692,86.0,"Perez, Salvador",20.0,76.0,29.0,46.0,76.0,946.375,182.76785714285714
527038,417.0,"Flores, Wilmer",371.0,15.0,382.0,384.0,478.0,1680.6,532.5142857142857
542303,63.0,"Ozuna, Marcell",167.0,160.0,23.0,18.0,91.0,331.0,121.85714285714286
543257,386.0,"Grossman, Robbie",424.0,130.0,293.0,321.0,476.0,1555.8333333333333,512.2619047619047
543309,256.0,"Higashioka, Kyle",193.0,112.0,183.0,340.0,224.0,1446.8333333333333,393.547619047619
543510,280.0,"McCann, James",388.0,203.0,281.0,278.0,363.0,1136.75,418.5357142857143
543685,358.0,"Rendon, Anthony",398.0,34.0,204.0,331.0,563.0,1368.6666666666667,465.2380952380953
543760,374.0,"Semien, Marcus",65.0,134.0,207.0,54.0,81.0,1333.857142857143,321.26530612244903
543807,219.0,"Springer, George",141.0,366.0,299.0,87.0,226.0,1235.5,367.64285714285717
543877,369.0,"Vázquez, Christian",352.0,42.0,313.0,391.0,672.0,1771.0,558.5714285714286
545121,357.0,"Vargas, Ildemaro",321.0,399.0,230.0,275.0,328.0,1711.25,517.3214285714286
545341,76.0,"Grichuk, Randal",76.0,98.0,24.0,12.0,26.0,653.5,137.92857142857142
547180,59.0,"Harper, Bryce",203.0,193.0,101.0,38.0,52.0,744.5,198.64285714285714
553869,66.0,"Díaz, Elias",334.0,325.0,301.0,279.0,666.0,1762.1666666666667,533.3095238095239
553993,190.0,"Suárez, Eugenio",41.0,133.0,143.0,190.0,100.0,1066.2857142857142,266.18367346938777
570482,366.0,"Urshela, Gio",280.0,262.0,332.0,283.0,735.0,1488.5714285714287,535.2244897959183
571448,271.0,"Arenado, Nolan",7.0,118.0,218.0,214.0,332.0,1436.125,370.875
571657,402.0,"Farmer, Kyle",381.0,166.0,251.0,259.0,142.0,1152.1666666666667,393.30952380952385
571745,117.0,"Haniger, Mitch",288.0,297.0,41.0,277.0,630.0,1412.8333333333333,437.547619047619
571771,202.0,"Hernández, Enrique",178.0,77.0,159.0,288.0,303.0,1646.142857142857,407.59183673469386
571970,210.0,"Muncy, Max",263.0,16.0,64.0,148.0,130.0,549.3333333333334,197.1904761904762
572138,184.0,"Singleton, Jon",307.0,153.0,118.0,115.0,798.0,1373.8333333333333,435.547619047619
572191,163.0,"Taylor, Michael A.",318.0,227.0,322.0,306.0,642.0,1708.5,526.6428571428571
572233,47.0,"Walker, Christian",111.0,40.0,137.0,26.0,322.0,967.5714285714286,235.79591836734693
573262,246.0,"Yastrzemski, Mike",104.0,81.0,56.0,326.0,526.0,1214.4285714285713,364.7755102040816
575929,18.0,"Contreras, Willson",29.0,207.0,98.0,139.0,54.0,1026.3333333333333,224.47619047619045
578428,307.0,"Iglesias, Jose",380.0,351.0,329.0,271.0,191.0,1465.0,470.57142857142856
592192,361.0,"Canha, Mark",225.0,276.0,306.0,145.0,205.0,1517.2857142857142,433.61224489795916
592206,170.0,"Castellanos, Nick",102.0,249.0,225.0,68.0,77.0,960.8571428571429,264.55102040816325
592273,142.0,"Drury, Brandon",182.0,367.0,226.0,304.0,792.0,2006.6666666666667,574.2380952380953
592450,4.0,"Judge, Aaron",9.0,27.0,1.0,2.0,2.0,129.5,24.928571428571427
592518,29.0,"Machado, Manny",36.0,50.0,13.0,64.0,123.0,1165.625,211.51785714285714
592626,104.0,"Pederson, Joc",73.0,26.0,54.0,7.0,30.0,600.5714285714286,127.79591836734694
592663,87.0,"Realmuto, J.T.",62.0,290.0,112.0,74.0,78.0,1193.7142857142858,270.9591836734694
592669,23.0,"Renfroe, Hunter",61.0,147.0,115.0,213.0,453.0,1694.7142857142858,386.6734693877551
592696,296.0,"Rosario, Eddie",266.0,279.0,158.0,383.0,704.0,1891.625,568.2321428571429
592885,100.0,"Yelich, Christian",134.0,395.0,84.0,103.0,196.0,744.2,250.8857142857143
593160,436.0,"Merrifield, Whit",386.0,124.0,380.0,355.0,499.0,1551.4,533.0571428571428
593428,265.0,"Bogaerts, Xander",234.0,378.0,187.0,185.0,319.0,1295.5714285714287,409.0816326530612
593871,338.0,"Polanco, Jorge",273.0,33.0,135.0,282.0,728.0,1431.0,460.0
594807,105.0,"Duvall, Adam",71.0,39.0,239.0,313.0,33.0,1900.0,385.7142857142857
595281,339.0,"Kiermaier, Kevin",342.0,384.0,376.0,381.0,772.0,2141.714285714286,676.5306122448981
595777,236.0,"Profar, Jurickson",228.0,210.0,55.0,57.0,67.0,574.1111111111111,203.87301587301587
595879,37.0,"Báez, Javier",1.0,321.0,257.0,105.0,744.0,1917.0,483.14285714285717
595909,324.0,"Cave, Jake",347.0,372.0,341.0,341.0,473.0,1590.3333333333333,541.1904761904761
596019,141.0,"Lindor, Francisco",105.0,106.0,14.0,20.0,41.0,703.1111111111111,161.44444444444443
596103,217.0,"Slater, Austin",399.0,232.0,130.0,126.0,505.0,1431.75,434.39285714285717
596117,425.0,"Stubbs, Garrett",363.0,111.0,400.0,376.0,751.0,1991.0,631.0
596142,110.0,"Sánchez, Gary",138.0,284.0,151.0,82.0,240.0,1475.2,354.3142857142857
596146,242.0,"Kepler, Max",147.0,165.0,196.0,302.0,468.0,1581.142857142857,443.02040816326524
600869,367.0,"Candelario, Jeimer",46.0,370.0,233.0,308.0,422.0,1756.0,500.2857142857143
602104,243.0,"Urías, Ramón",127.0,197.0,109.0,287.0,232.0,1131.0,332.2857142857143
605113,401.0,"Ahmed, Nick",227.0,278.0,390.0,347.0,387.0,1573.3333333333333,514.7619047619047
605137,266.0,"Bell, Josh",24.0,260.0,210.0,58.0,520.0,1276.25,373.4642857142857
605141,351.0,"Betts, Mookie",360.0,13.0,87.0,95.0,58.0,1091.0,293.57142857142856
605170,156.0,"Caratini, Victor",353.0,357.0,83.0,330.0,212.0,1099.0,370.0
606115,261.0,"Arcia, Orlando",25.0,359.0,200.0,382.0,692.0,1843.5714285714287,537.5102040816327
606192,96.0,"Hernández, Teoscar",52.0,143.0,149.0,49.0,27.0,772.0,184.0
606466,70.0,"Marte, Ketel",82.0,295.0,7.0,11.0,7.0,812.0,183.42857142857142
607043,95.0,"Nimmo, Brandon",214.0,158.0,67.0,21.0,269.0,1191.0,287.85714285714283
607208,177.0,"Turner, Trea",84.0,301.0,152.0,311.0,137.0,1291.2857142857142,350.46938775510205
607680,344.0,"Pillar, Kevin",92.0,100.0,360.0,156.0,362.0,1662.8,439.54285714285714
607732,378.0,"Stallings, Jacob",270.0,240.0,229.0,69.0,279.0,1348.3333333333333,401.90476190476187
608070,189.0,"Ramírez, José",215.0,45.0,34.0,194.0,40.0,1025.875,248.98214285714286
608324,195.0,"Bregman, Alex",325.0,41.0,90.0,305.0,176.0,1245.5714285714287,339.65306122448976
608336,143.0,"Gallo, Joey",226.0,1.0,132.0,365.0,767.0,1479.8,444.8285714285715
608348,292.0,"Kelly, Carson",367.0,222.0,180.0,16.0,525.0,1515.1666666666667,445.30952380952385
608369,140.0,"Seager, Corey",416.0,145.0,43.0,5.0,192.0,379.0,188.57142857142858
608385,323.0,"Winker, Jesse",229.0,140.0,228.0,101.0,280.0,887.5,312.64285714285717
608671,408.0,"Jankowski, Travis",427.0,373.0,394.0,237.0,753.0,2344.75,705.25
608701,126.0,"Refsnyder, Rob",85.0,328.0,188.0,106.0,117.0,1073.1666666666667,289.0238095238095
608841,257.0,"Meneses, Joey",311.0,334.0,95.0,164.0,710.0,1951.8333333333333,546.1190476190476
609280,193.0,"Andujar, Miguel",64.0,377.0,275.0,244.0,114.0,1564.8333333333333,404.547619047619
621020,186.0,"Swanson, Dansby",137.0,341.0,142.0,173.0,71.0,1406.857142857143,350.97959183673476
621028,398.0,"Newman, Kevin",415.0,303.0,352.0,352.0,740.0,1765.5,617.9285714285714
621035,342.0,"Taylor, Chris",323.0,141.0,324.0,72.0,554.0,1368.25,446.32142857142856
621043,32.0,"Correa, Carlos",198.0,313.0,11.0,220.0,69.0,915.0,251.14285714285714
621438,249.0,"Taylor, Tyrone",75.0,83.0,236.0,178.0,304.0,1514.2857142857142,377.0408163265306
621439,42.0,"Buxton, Byron",13.0,180.0,25.0,191.0,59.0,788.3333333333334,185.4761904761905
621466,196.0,"Stewart, DJ",278.0,25.0,201.0,9.0,179.0,722.6666666666666,230.09523809523807
621493,306.0,"Ward, Taylor",313.0,104.0,75.0,96.0,39.0,1008.2857142857143,277.3265306122449
621566,64.0,"Olson, Matt",172.0,28.0,113.0,61.0,364.0,1151.857142857143,279.12244897959187
622534,185.0,"Margot, Manuel",247.0,121.0,317.0,249.0,201.0,1436.8333333333333,393.8333333333333
622761,205.0,"Mateo, Jorge",63.0,55.0,378.0,180.0,641.0,1650.2,453.1714285714285
623912,191.0,"Ramírez, Harold",239.0,397.0,246.0,290.0,738.0,1874.25,567.8928571428571
623993,88.0,"Santander, Anthony",248.0,3.0,125.0,130.0,330.0,833.625,251.08928571428572
624413,27.0,"Alonso, Pete",184.0,138.0,110.0,124.0,154.0,962.75,242.82142857142858
624415,420.0,"Biggio, Cavan",373.0,12.0,397.0,369.0,737.0,1385.6666666666667,527.6666666666667
624424,56.0,"Conforto, Michael",171.0,179.0,91.0,143.0,49.0,1052.5714285714287,248.79591836734696
624428,412.0,"Frazier, Adam",369.0,151.0,395.0,181.0,540.0,1210.0,465.42857142857144
624431,330.0,"Trevino, Jose",329.0,326.0,211.0,227.0,611.0,1075.0,444.14285714285717
624503,368.0,"Gordon, Nick",244.0,343.0,375.0,199.0,639.0,1747.5,559.3571428571429
624585,20.0,"Soler, Jorge",22.0,186.0,78.0,67.0,102.0,1092.0,223.85714285714286
624641,108.0,"Sosa, Edmundo",6.0,280.0,316.0,327.0,189.0,1596.3333333333333,403.19047619047615
628451,291.0,"Ibáñez, Andy",189.0,38.0,247.0,134.0,527.0,1642.75,438.39285714285717
630105,347.0,"Cronenworth, Jake",336.0,119.0,244.0,165.0,730.0,1009.375,421.48214285714283
641313,312.0,"Anderson, Tim",245.0,398.0,353.0,380.0,791.0,2197.5,668.0714285714286
641343,78.0,"Bauers, Jake",124.0,23.0,234.0,253.0,415.0,1378.5714285714287,357.93877551020404
641355,333.0,"Bellinger, Cody",72.0,185.0,206.0,108.0,482.0,1444.5,404.35714285714283
641432,276.0,"Calhoun, Willie",414.0,65.0,178.0,193.0,398.0,1406.8,418.6857142857143
641487,180.0,"Crawford, J.P.",259.0,223.0,295.0,201.0,173.0,1466.0,399.57142857142856
641584,158.0,"Fraley, Jake",287.0,277.0,372.0,360.0,568.0,1589.142857142857,515.8775510204081
641598,226.0,"Garver, Mitch",174.0,87.0,88.0,256.0,124.0,1442.3333333333333,342.4761904761904
641645,428.0,"Guillorme, Luis",143.0,268.0,315.0,374.0,588.0,1728.75,549.25
641658,392.0,"Hampson, Garrett",391.0,99.0,365.0,316.0,742.0,1953.5,608.3571428571429
641680,278.0,"Heim, Jonah",159.0,129.0,197.0,228.0,345.0,1630.857142857143,423.8367346938776
641857,147.0,"McMahon, Ryan",262.0,173.0,148.0,222.0,479.0,1159.25,370.0357142857143
641933,22.0,"O'Neill, Tyler",77.0,64.0,40.0,158.0,9.0,950.5714285714286,188.6530612244898
642086,341.0,"Smith, Dominic",328.0,264.0,174.0,198.0,380.0,1338.8,431.9714285714286
642133,51.0,"Tellez, Rowdy",19.0,36.0,131.0,196.0,423.0,1456.0,330.2857142857143
642136,169.0,"Thaiss, Matt",54.0,217.0,318.0,109.0,429.0,1099.0,342.14285714285717
642350,223.0,"Siri, Jose",39.0,183.0,328.0,356.0,291.0,1577.857142857143,428.26530612244903
642708,192.0,"Rosario, Amed",173.0,364.0,342.0,348.0,521.0,1796.0,533.7142857142857
642715,68.0,"Adames, Willy",10.0,32.0,155.0,19.0,383.0,881.1428571428571,221.16326530612244
642731,263.0,"Estrada, Thairo",257.0,380.0,260.0,366.0,678.0,1752.8333333333333,565.2619047619047
643217,388.0,"Benintendi, Andrew",408.0,60.0,253.0,264.0,390.0,1335.125,442.5892857142857
643289,337.0,"Dubón, Mauricio",86.0,67.0,366.0,312.0,729.0,1682.7142857142858,511.38775510204084
643376,370.0,"Jansen, Danny",358.0,14.0,208.0,207.0,409.0,1473.4,434.2
643396,406.0,"Kiner-Falefa, Isiah",396.0,329.0,289.0,286.0,569.0,1634.0,558.4285714285714
643446,365.0,"McNeil, Jeff",264.0,168.0,302.0,292.0,677.0,1651.3333333333333,531.3333333333333
643565,327.0,"Tauchman, Mike",338.0,66.0,298.0,15.0,289.0,970.2,329.0285714285714
645277,332.0,"Albies, Ozzie",222.0,101.0,167.0,83.0,268.0,1484.7142857142858,379.6734693877551
645302,423.0,"Robles, Victor",418.0,355.0,389.0,65.0,182.0,1370.5,457.5
646240,137.0,"Devers, Rafael",144.0,114.0,18.0,219.0,454.0,631.125,245.30357142857142
647304,118.0,"Naylor, Josh",68.0,340.0,76.0,211.0,498.0,1417.25,389.75
647351,315.0,"Toro, Abraham",110.0,272.0,286.0,98.0,350.0,1568.2857142857142,428.46938775510205
650333,435.0,"Arraez, Luis",436.0,161.0,222.0,110.0,508.0,1179.875,435.98214285714283
650391,73.0,"Jiménez, Eloy",224.0,396.0,26.0,301.0,628.0,1463.5,444.5
650402,285.0,"Torres, Gleyber",221.0,53.0,177.0,209.0,309.0,1507.142857142857,394.4489795918367
650489,260.0,"Castro, Willi",314.0,195.0,346.0,121.0,603.0,1134.75,424.82142857142856
650490,67.0,"Díaz, Yandy",108.0,258.0,51.0,81.0,21.0,1009.4285714285714,227.9183673469388
650559,178.0,"De La Cruz, Bryan",57.0,211.0,97.0,309.0,214.0,1375.4285714285713,348.7755102040816
650859,316.0,"Rengifo, Luis",286.0,387.0,263.0,151.0,543.0,1662.2,515.4571428571428
656305,16.0,"Chapman, Matt",140.0,43.0,46.0,226.0,109.0,1318.5714285714287,271.2244897959184
656413,362.0,"Fairchild, Stuart",240.0,164.0,387.0,27.0,315.0,1554.25,435.60714285714283
656537,279.0,"Hill, Derek",230.0,379.0,347.0,170.0,149.0,1309.3333333333333,409.047619047619
656555,258.0,"Hoskins, Rhys",12.0,70.0,157.0,239.0,442.0,1279.4285714285713,351.06122448979596
656582,194.0,"Joe, Connor",179.0,132.0,364.0,281.0,640.0,1594.0,483.42857142857144
656716,393.0,"McKinstry, Zach",403.0,90.0,191.0,133.0,450.0,1502.6666666666667,451.80952380952385
656775,317.0,"Mullins, Cedric",165.0,5.0,326.0,344.0,690.0,1556.125,486.1607142857143
656811,114.0,"O'Hearn, Ryan",272.0,308.0,49.0,154.0,93.0,713.0,243.28571428571428
656896,303.0,"Rivera, Emmanuel",376.0,286.0,214.0,216.0,355.0,1104.5,407.7857142857143
656941,8.0,"Schwarber, Kyle",59.0,182.0,3.0,43.0,68.0,706.375,152.76785714285714
656976,107.0,"Smith, Pavin",156.0,289.0,30.0,13.0,18.0,677.3333333333334,184.33333333333334
657041,187.0,"Thomas, Lane",397.0,136.0,127.0,212.0,61.0,1207.142857142857,332.4489795918367
657077,372.0,"Verdugo, Alex",433.0,323.0,241.0,208.0,609.0,1641.25,546.75
657136,172.0,"Wong, Connor",194.0,152.0,333.0,177.0,361.0,1548.7142857142858,419.6734693877551
657557,127.0,"DeJong, Paul",354.0,57.0,235.0,378.0,714.0,1484.5714285714287,478.51020408163265
657656,146.0,"Laureano, Ramón",246.0,283.0,184.0,231.0,181.0,1317.0,369.7142857142857
657757,135.0,"Sheets, Gavin",93.0,187.0,237.0,118.0,621.0,1633.0,432.0
658668,203.0,"Olivares, Edward",206.0,257.0,290.0,182.0,419.0,1051.5,372.64285714285717
660271,13.0,"Ohtani, Shohei",38.0,167.0,6.0,3.0,24.0,232.75,69.10714285714286
660644,413.0,"Bruján, Vidal",377.0,288.0,388.0,388.0,592.0,2000.8333333333333,635.2619047619047
660670,14.0,"Acuña Jr., Ronald",91.0,144.0,74.0,243.0,152.0,718.5,205.21428571428572
660688,403.0,"Ruiz, Keibert",291.0,169.0,307.0,188.0,757.0,1686.5,543.0714285714286
660707,24.0,"Montero, Elehuris",95.0,123.0,172.0,114.0,334.0,1842.4,386.34285714285716
660766,254.0,"Yepez, Juan",202.0,231.0,357.0,179.0,519.0,1731.75,496.25
660821,39.0,"Sánchez, Jesús",304.0,330.0,52.0,93.0,736.0,920.125,353.44642857142856
661388,53.0,"Contreras, William",175.0,374.0,12.0,51.0,166.0,747.5714285714286,225.51020408163262
662139,82.0,"Varsho, Daulton",79.0,9.0,345.0,332.0,660.0,1871.6666666666667,482.6666666666667
663368,380.0,"Perkins, Blake",289.0,170.0,305.0,315.0,560.0,1634.0,521.8571428571429
663457,152.0,"Nootbaar, Lars",383.0,353.0,44.0,127.0,252.0,817.0,304.0
663527,377.0,"Nevin, Tyler",362.0,300.0,182.0,350.0,258.0,1510.75,477.10714285714283
663538,356.0,"Hoerner, Nico",295.0,253.0,323.0,192.0,175.0,1327.75,417.39285714285717
663586,34.0,"Riley, Austin",125.0,115.0,15.0,167.0,43.0,642.2857142857143,163.0408163265306
663616,112.0,"Larnach, Trevor",186.0,349.0,39.0,100.0,122.0,985.6666666666666,270.5238095238095
663624,25.0,"Mountcastle, Ryan",122.0,163.0,134.0,160.0,70.0,874.1428571428571,221.16326530612244
663647,157.0,"Hayes, Ke'Bryan",379.0,310.0,139.0,314.0,275.0,1808.8333333333333,483.2619047619047
663656,212.0,"Tucker, Kyle",129.0,71.0,72.0,76.0,150.0,608.6666666666666,188.38095238095235
663662,168.0,"Cameron, Daz",410.0,294.0,232.0,204.0,317.0,1407.25,433.17857142857144
663697,234.0,"India, Jonathan",249.0,221.0,265.0,14.0,96.0,846.7142857142857,275.10204081632656
663698,54.0,"Bart, Joey",146.0,362.0,245.0,37.0,38.0,1080.0,280.2857142857143
663728,44.0,"Raleigh, Cal",47.0,30.0,36.0,10.0,147.0,882.0,170.85714285714286
663743,335.0,"Fortes, Nick",365.0,196.0,381.0,325.0,758.0,2076.8333333333335,633.8333333333334
663757,328.0,"Grisham, Trent",87.0,20.0,53.0,41.0,342.0,1144.0,287.85714285714283
663837,200.0,"Vierling, Matt",158.0,86.0,173.0,224.0,216.0,1292.857142857143,335.6938775510204
663853,55.0,"Gonzalez, Romy",326.0,382.0,96.0,77.0,60.0,960.75,279.5357142857143
663886,272.0,"Stephenson, Tyler",148.0,282.0,66.0,113.0,174.0,1226.0,325.85714285714283
663898,215.0,"Rodgers, Brendan",282.0,361.0,213.0,186.0,397.0,1354.4285714285713,429.7755102040816
663993,89.0,"Lowe, Nathaniel",219.0,287.0,156.0,47.0,264.0,1420.0,354.57142857142856
664023,149.0,"Happ, Ian",349.0,95.0,108.0,85.0,467.0,1298.25,364.4642857142857
664034,238.0,"France, Ty",101.0,176.0,100.0,294.0,260.0,1392.4285714285713,365.9183673469388
664040,122.0,"Lowe, Brandon",284.0,157.0,161.0,36.0,128.0,1013.2857142857143,271.61224489795916
664056,244.0,"Bader, Harrison",320.0,202.0,282.0,236.0,300.0,1403.7142857142858,426.81632653061223
664238,116.0,"Moore, Dylan",285.0,2.0,243.0,52.0,290.0,1324.0,330.2857142857143
664728,268.0,"Isbel, Kyle",308.0,331.0,288.0,225.0,796.0,1714.857142857143,561.5510204081633
664761,121.0,"Bohm, Alec",161.0,233.0,60.0,80.0,90.0,987.8571428571429,247.55102040816328
664774,153.0,"Wade Jr., LaMonte",402.0,131.0,71.0,33.0,132.0,1282.142857142857,314.87755102040813
664913,92.0,"Brown, Seth",260.0,171.0,168.0,268.0,483.0,1654.4285714285713,442.34693877551024
664983,416.0,"McCarthy, Jake",420.0,345.0,391.0,60.0,459.0,1129.2857142857142,460.0408163265306
665161,155.0,"Peña, Jeremy",116.0,381.0,258.0,91.0,356.0,1322.5714285714287,382.7959183673469
665487,65.0,"Tatis Jr., Fernando",188.0,291.0,9.0,50.0,108.0,821.4285714285714,218.9183673469388
665489,15.0,"Guerrero Jr., Vladimir",45.0,332.0,10.0,25.0,57.0,253.85714285714286,105.40816326530613
665506,270.0,"Pache, Cristian",235.0,342.0,297.0,357.0,558.0,1737.5,542.3571428571429
665742,38.0,"Soto, Juan",213.0,312.0,2.0,1.0,6.0,342.125,130.58928571428572
665750,250.0,"Taveras, Leody",142.0,155.0,284.0,296.0,653.0,1495.375,467.9107142857143
665804,128.0,"Amaya, Miguel",297.0,271.0,255.0,258.0,650.0,1443.5,471.7857142857143
665828,364.0,"Cabrera, Oswaldo",357.0,212.0,311.0,272.0,785.0,1522.5,546.2142857142857
665833,3.0,"Cruz, Oneil",67.0,339.0,5.0,171.0,490.0,1024.375,299.9107142857143
665839,267.0,"Valdez, Enmanuel",123.0,4.0,166.0,334.0,310.0,1459.3333333333333,380.4761904761904
665862,248.0,"Chisholm Jr., Jazz",162.0,347.0,176.0,270.0,599.0,1301.875,443.4107142857143
665926,384.0,"Giménez, Andrés",359.0,335.0,362.0,168.0,701.0,1688.375,571.0535714285714
666023,290.0,"Fermin, Freddy",150.0,274.0,269.0,262.0,410.0,1681.8333333333333,476.69047619047615
666134,262.0,"Jones, Nolan",411.0,314.0,287.0,342.0,775.0,1636.6,575.3714285714285
666135,113.0,"Kirilloff, Alex",50.0,156.0,50.0,250.0,358.0,1735.3333333333333,387.4761904761904
666139,101.0,"Lowe, Josh",292.0,72.0,242.0,353.0,402.0,1539.142857142857,428.73469387755097
666149,325.0,"Fitzgerald, Tyler",241.0,126.0,292.0,396.0,125.0,1349.8,407.8285714285715
666150,409.0,"Fletcher, Dominic",425.0,216.0,384.0,363.0,766.0,2240.4,686.1999999999999
666152,394.0,"Hamilton, David",290.0,47.0,274.0,317.0,541.0,1451.6666666666667,473.5238095238096
666158,211.0,"Lux, Gavin",201.0,318.0,203.0,107.0,265.0,1372.0,382.42857142857144
666160,125.0,"Moniak, Mickey",66.0,96.0,195.0,189.0,538.0,1620.4285714285713,404.2040816326531
666163,305.0,"Rortvedt, Ben",322.0,261.0,361.0,322.0,684.0,1906.1666666666667,594.452380952381
666176,10.0,"Adell, Jo",83.0,73.0,300.0,35.0,29.0,1111.5,234.5
666181,213.0,"Benson, Will",30.0,142.0,194.0,320.0,669.0,1905.125,496.1607142857143
666182,277.0,"Bichette, Bo",212.0,224.0,219.0,88.0,273.0,1394.4,383.9142857142857
666185,383.0,"Carlson, Dylan",305.0,37.0,335.0,319.0,551.0,2034.4,566.3428571428572
666310,283.0,"Naylor, Bo",152.0,62.0,205.0,362.0,765.0,1821.3333333333333,521.4761904761905
666397,199.0,"Julien, Edouard",300.0,273.0,147.0,252.0,529.0,1746.2,492.3142857142857
666624,19.0,"Morel, Christopher",18.0,245.0,94.0,138.0,506.0,1207.0,318.14285714285717
666969,164.0,"García, Adolis",32.0,174.0,62.0,176.0,524.0,1378.0,358.57142857142856
666971,273.0,"Gurriel Jr., Lourdes",126.0,191.0,256.0,112.0,107.0,1231.3333333333333,328.047619047619
667670,79.0,"Rooker, Brent",298.0,84.0,82.0,31.0,23.0,1079.25,239.46428571428572
668227,165.0,"Arozarena, Randy",180.0,259.0,129.0,255.0,89.0,1333.857142857143,344.40816326530614
668670,245.0,"Rogers, Jake",166.0,149.0,79.0,285.0,485.0,1555.0,423.42857142857144
668709,232.0,"Bleday, JJ",220.0,48.0,199.0,230.0,502.0,1480.0,415.85714285714283
668715,201.0,"Steer, Spencer",163.0,79.0,227.0,66.0,254.0,1229.857142857143,317.12244897959187
668804,208.0,"Reynolds, Bryan",378.0,363.0,80.0,28.0,208.0,1084.875,335.69642857142856
668885,421.0,"Martin, Austin",393.0,305.0,343.0,349.0,243.0,1225.0,468.42857142857144
668901,179.0,"Vientos, Mark",94.0,338.0,47.0,280.0,213.0,1191.857142857143,334.6938775510204
668904,103.0,"Lewis, Royce",43.0,46.0,355.0,229.0,270.0,1246.5,327.5
668930,426.0,"Turang, Brice",435.0,177.0,344.0,269.0,613.0,1596.0,551.4285714285714
668939,326.0,"Rutschman, Adley",337.0,69.0,141.0,140.0,161.0,1352.25,360.89285714285717
668942,414.0,"Rojas, Josh",258.0,93.0,185.0,267.0,794.0,1709.4285714285713,531.4897959183673
669003,49.0,"Mitchell, Garrett",238.0,356.0,217.0,337.0,228.0,1606.8,433.11428571428576
669004,102.0,"Melendez, MJ",56.0,19.0,59.0,303.0,720.0,1180.5714285714287,348.51020408163265
669016,181.0,"Marsh, Brandon",256.0,184.0,77.0,218.0,727.0,1216.142857142857,408.4489795918367
669065,85.0,"Stowers, Kyle",385.0,228.0,160.0,94.0,523.0,1680.75,450.82142857142856
669127,41.0,"Langeliers, Shea",195.0,108.0,32.0,142.0,296.0,1184.7142857142858,285.53061224489795
669134,329.0,"Campusano, Luis",100.0,302.0,198.0,335.0,762.0,1701.4,532.4857142857143
669221,123.0,"Murphy, Sean",27.0,266.0,224.0,102.0,635.0,978.25,336.4642857142857
669222,363.0,"Senzel, Nick",118.0,190.0,367.0,162.0,209.0,1319.2,389.74285714285713
669224,144.0,"Wells, Austin",155.0,49.0,277.0,131.0,674.0,1077.5,358.2142857142857
669234,353.0,"Malloy, Justyn-Henry",345.0,74.0,272.0,260.0,83.0,1573.75,422.9642857142857
669242,301.0,"Edman, Tommy",382.0,365.0,259.0,241.0,774.0,1746.8,581.2571428571429
669257,385.0,"Smith, Will",261.0,8.0,144.0,70.0,97.0,1390.5714285714287,336.51020408163265
669261,145.0,"Suwinski, Jack",254.0,110.0,202.0,242.0,401.0,1191.25,363.60714285714283
669289,407.0,"Espinal, Santiago",183.0,82.0,349.0,150.0,445.0,1579.4285714285713,456.48979591836735
669304,253.0,"Miranda, Jose",90.0,97.0,68.0,245.0,695.0,1588.5714285714287,433.7959183673469
669357,120.0,"Gorman, Nolan",120.0,11.0,175.0,336.0,749.0,1086.0,371.0
669364,434.0,"Edwards, Xavier",434.0,243.0,371.0,373.0,565.0,1447.3333333333333,552.4761904761905
669394,40.0,"Burger, Jake",128.0,246.0,31.0,166.0,348.0,1101.5,294.35714285714283
669701,331.0,"Smith, Josh",404.0,241.0,312.0,117.0,578.0,1486.75,495.67857142857144
669707,289.0,"Triolo, Jared",40.0,159.0,261.0,289.0,597.0,1697.5714285714287,476.0816326530612
669720,133.0,"Hays, Austin",255.0,256.0,124.0,291.0,140.0,1427.5,375.2142857142857
669911,90.0,"Toglia, Michael",81.0,116.0,37.0,125.0,56.0,872.7142857142857,196.81632653061226
670032,432.0,"Lopez, Nicky",413.0,369.0,385.0,333.0,801.0,1956.2857142857142,669.8979591836734
670042,52.0,"Raley, Luke",242.0,281.0,164.0,71.0,745.0,1457.75,430.39285714285717
670242,9.0,"Wallner, Matt",209.0,252.0,86.0,6.0,51.0,1007.5,231.5
670541,6.0,"Alvarez, Yordan",97.0,35.0,16.0,22.0,34.0,474.375,97.76785714285714
670623,359.0,"Paredes, Isaac",21.0,44.0,215.0,183.0,295.0,1392.25,358.4642857142857
670764,405.0,"Walls, Taylor",283.0,56.0,334.0,203.0,590.0,1804.4,525.0571428571428
670770,314.0,"Friedl, TJ",406.0,187.0,330.0,55.0,357.0,1682.0,475.85714285714283
671056,75.0,"Herrera, Iván",154.0,350.0,73.0,53.0,74.0,396.3333333333333,167.9047619047619
671213,62.0,"Casas, Triston",53.0,175.0,89.0,175.0,177.0,966.25,242.46428571428572
671218,35.0,"Ramos, Heliot",370.0,220.0,42.0,137.0,5.0,1064.0,267.57142857142856
671277,204.0,"García Jr., Luis",208.0,360.0,154.0,97.0,652.0,1073.375,392.625
671289,233.0,"Freeman, Tyler",310.0,215.0,280.0,136.0,335.0,1412.0,417.2857142857143
671732,60.0,"Butler, Lawrence",309.0,265.0,104.0,39.0,282.0,806.0,266.42857142857144
671739,36.0,"Harris II, Michael",16.0,292.0,48.0,146.0,164.0,874.8571428571429,225.26530612244898
672275,198.0,"Bailey, Patrick",211.0,235.0,122.0,265.0,688.0,1011.6666666666666,390.0952380952381
672279,411.0,"Siani, Michael",331.0,368.0,399.0,392.0,802.0,2211.285714285714,702.0408163265305
672284,131.0,"Kelenic, Jarred",205.0,150.0,102.0,295.0,643.0,1492.7142857142858,431.2448979591837
672356,58.0,"Arias, Gabriel",96.0,393.0,138.0,379.0,658.0,1969.75,527.3928571428571
672386,286.0,"Kirk, Alejandro",333.0,91.0,111.0,298.0,440.0,1356.6666666666667,416.5238095238096
672515,247.0,"Moreno, Gabriel",317.0,270.0,120.0,23.0,287.0,1279.5,363.35714285714283
672580,282.0,"Garcia, Maikel",299.0,296.0,57.0,184.0,320.0,1555.0,427.57142857142856
672640,287.0,"Lopez, Otto",422.0,371.0,238.0,251.0,566.0,1274.7142857142858,487.10204081632656
672695,427.0,"Perdomo, Geraldo",417.0,251.0,314.0,339.0,657.0,1763.8333333333333,595.547619047619
672761,264.0,"Pérez, Wenceel",375.0,54.0,216.0,276.0,497.0,1498.0,454.2857142857143
672820,175.0,"Sosa, Lenyn",190.0,61.0,192.0,48.0,373.0,1374.3333333333333,344.7619047619047
673237,115.0,"Diaz, Yainer",145.0,316.0,119.0,119.0,95.0,859.8571428571429,252.69387755102042
673357,43.0,"Robert Jr., Luis",37.0,255.0,179.0,147.0,665.0,1464.5,398.64285714285717
673490,360.0,"Kim, Ha-Seong",400.0,181.0,304.0,122.0,318.0,1232.6666666666667,416.80952380952385
673548,136.0,"Suzuki, Seiya",253.0,31.0,117.0,159.0,92.0,1332.0,302.85714285714283
676059,259.0,"Westburg, Jordan",384.0,198.0,38.0,45.0,165.0,1155.1666666666667,320.59523809523813
676356,288.0,"DeLuca, Jonny",89.0,188.0,392.0,372.0,513.0,1811.142857142857,521.8775510204081
676369,71.0,"Velázquez, Nelson",114.0,102.0,171.0,32.0,396.0,1298.8,312.11428571428576
676391,415.0,"Clement, Ernie",394.0,85.0,338.0,273.0,471.0,1632.2857142857142,515.469387755102
676475,231.0,"Burleson, Alec",139.0,293.0,121.0,149.0,644.0,852.875,347.125
676609,352.0,"Caballero, José",361.0,127.0,393.0,358.0,776.0,1925.4285714285713,613.2040816326531
676694,390.0,"Meyers, Jake",356.0,234.0,283.0,172.0,437.0,1445.3333333333333,473.90476190476187
676801,281.0,"McCormick, Chas",157.0,88.0,339.0,324.0,190.0,1581.75,422.9642857142857
676914,318.0,"Schneider, Davis",350.0,78.0,212.0,235.0,615.0,1534.8333333333333,477.547619047619
677587,373.0,"Rocchio, Brayan",306.0,309.0,377.0,346.0,662.0,1766.25,591.3214285714286
677594,17.0,"Rodríguez, Julio",28.0,267.0,63.0,89.0,200.0,1053.7142857142858,245.3877551020408
677649,206.0,"Duran, Ezequiel",274.0,200.0,309.0,354.0,790.0,1954.4,583.9142857142857
677800,48.0,"Abreu, Wilyer",164.0,21.0,81.0,254.0,706.0,1258.5,361.7857142857143
677870,322.0,"Jiménez, Leo",210.0,229.0,373.0,300.0,278.0,1229.5,420.2142857142857
677942,119.0,"Alexander, Blaze",204.0,306.0,250.0,370.0,299.0,1698.3333333333333,463.7619047619047
677951,33.0,"Witt Jr., Bobby",294.0,22.0,17.0,4.0,37.0,363.75,110.10714285714286
678009,300.0,"Meadows, Parker",236.0,59.0,319.0,367.0,561.0,1488.6,475.8
678246,319.0,"Vargas, Miguel",60.0,10.0,374.0,389.0,739.0,2072.6666666666665,566.2380952380952
678662,229.0,"Tovar, Ezequiel",117.0,24.0,291.0,240.0,407.0,1158.857142857143,352.40816326530614
678877,2.0,"Noel, Jhonkensy",34.0,80.0,223.0,34.0,35.0,1073.25,211.60714285714286
678882,320.0,"Rafaela, Ceddanne",153.0,236.0,340.0,284.0,756.0,1643.4285714285713,533.2040816326531
679032,349.0,"Rojas, Johan",330.0,383.0,368.0,266.0,769.0,2166.1428571428573,661.5918367346939
679529,72.0,"Torkelson, Spencer",99.0,29.0,190.0,345.0,435.0,1711.6666666666667,411.6666666666667
680474,391.0,"Schuemann, Max",419.0,107.0,240.0,364.0,580.0,1361.6666666666667,494.6666666666667
680700,336.0,"Palacios, Richie",351.0,89.0,278.0,202.0,283.0,1198.8333333333333,391.1190476190476
680718,57.0,"Barger, Addison",103.0,275.0,231.0,62.0,341.0,1504.0,367.57142857142856
680757,431.0,"Kwan, Steven",430.0,68.0,308.0,86.0,155.0,1207.8333333333333,383.69047619047615
680776,81.0,"Duran, Jarren",107.0,263.0,136.0,157.0,343.0,1049.125,305.1607142857143
680777,162.0,"Jeffers, Ryan",135.0,52.0,325.0,205.0,567.0,1477.142857142857,417.59183673469386
680869,228.0,"Gelof, Zack",192.0,346.0,249.0,318.0,760.0,1742.4285714285713,547.9183673469388
680977,321.0,"Donovan, Brendan",390.0,206.0,99.0,75.0,324.0,912.625,332.51785714285717
681082,376.0,"Stott, Bryson",319.0,113.0,310.0,299.0,492.0,1475.875,483.55357142857144
681146,379.0,"Bride, Jonah",267.0,247.0,264.0,386.0,604.0,1482.1666666666667,518.452380952381
681297,91.0,"Cowser, Colton",348.0,178.0,92.0,233.0,542.0,1452.25,419.4642857142857
681351,298.0,"O'Hoppe, Logan",216.0,194.0,107.0,40.0,247.0,1007.625,301.375
681393,302.0,"Norby, Connor",293.0,204.0,351.0,221.0,477.0,824.5,381.7857142857143
681481,218.0,"Carpenter, Kerry",121.0,105.0,19.0,30.0,19.0,694.6666666666666,172.38095238095235
681624,99.0,"Pages, Andy",51.0,18.0,273.0,169.0,87.0,1014.2857142857143,244.46938775510202
681807,275.0,"Fry, David",33.0,51.0,116.0,132.0,98.0,1295.7142857142858,285.81632653061223
682177,230.0,"Schneemann, Daniel",327.0,285.0,271.0,361.0,661.0,1736.25,553.0357142857143
682622,97.0,"Marte, Noelvi",112.0,376.0,294.0,394.0,618.0,1649.5,505.7857142857143
682626,80.0,"Alvarez, Francisco",223.0,333.0,126.0,238.0,271.0,1597.857142857143,409.8367346938776
682641,171.0,"Matos, Luis",217.0,125.0,170.0,307.0,631.0,2015.0,519.4285714285714
682829,50.0,"De La Cruz, Elly",232.0,324.0,70.0,92.0,516.0,1132.5714285714287,345.2244897959184
682928,197.0,"Abrams, CJ",133.0,213.0,276.0,217.0,517.0,1198.25,393.0357142857143
682985,26.0,"Greene, Riley",250.0,250.0,133.0,128.0,314.0,922.5714285714286,289.0816326530612
682998,93.0,"Carroll, Corbin",344.0,269.0,150.0,206.0,371.0,1235.5714285714287,381.2244897959184
683002,12.0,"Henderson, Gunnar",231.0,320.0,28.0,56.0,344.0,549.125,220.01785714285714
683011,348.0,"Volpe, Anthony",302.0,254.0,266.0,261.0,413.0,1759.7142857142858,514.8163265306123
683146,167.0,"Baty, Brett",131.0,375.0,327.0,247.0,451.0,1394.75,441.82142857142856
683734,227.0,"Vaughn, Andrew",109.0,75.0,65.0,232.0,134.0,1332.5,310.64285714285717
683737,297.0,"Busch, Michael",251.0,139.0,123.0,200.0,545.0,1354.125,415.5892857142857
686217,419.0,"Frelick, Sal",366.0,248.0,386.0,223.0,750.0,1863.0,607.8571428571429
686469,160.0,"Pasquantino, Vinnie",176.0,298.0,20.0,99.0,606.0,1110.0,352.7142857142857
686527,138.0,"Canzone, Dominic",78.0,337.0,209.0,385.0,297.0,905.5,335.64285714285717
686668,241.0,"Doyle, Brenton",181.0,230.0,186.0,42.0,133.0,1151.4285714285713,309.2040816326531
686676,214.0,"Lee, Korey",271.0,225.0,285.0,387.0,722.0,2013.7142857142858,588.2448979591837
686681,224.0,"Massey, Michael",269.0,192.0,103.0,248.0,763.0,1079.2,411.1714285714285
686780,174.0,"Pagés, Pedro",374.0,218.0,189.0,359.0,655.0,1392.5,480.2142857142857
686797,313.0,"Lee, Brooks",343.0,239.0,267.0,116.0,574.0,1945.5,542.5
686823,343.0,"Brennan, Will",372.0,146.0,350.0,257.0,406.0,1519.3333333333333,484.7619047619047
687263,299.0,"Neto, Zach",316.0,344.0,153.0,29.0,46.0,1512.5714285714287,385.65306122448976
687401,94.0,"Ortiz, Joey",119.0,199.0,303.0,274.0,389.0,1642.4285714285713,431.48979591836735
687462,310.0,"Horwitz, Spencer",332.0,137.0,270.0,234.0,403.0,1158.1666666666667,406.30952380952385
687597,225.0,"Beck, Jordan",58.0,94.0,321.0,371.0,670.0,1750.0,498.42857142857144
689172,410.0,"Wisely, Brett",409.0,189.0,358.0,329.0,715.0,1739.6,592.8000000000001
690993,221.0,"Keith, Colt",407.0,201.0,128.0,263.0,771.0,1331.25,474.60714285714283
691016,45.0,"Soderstrom, Tyler",113.0,322.0,21.0,395.0,115.0,1295.6,329.5142857142857
691023,5.0,"Walker, Jordan",8.0,392.0,69.0,377.0,707.0,1405.0,423.2857142857143
691026,308.0,"Winn, Masyn",218.0,154.0,356.0,368.0,535.0,1697.125,519.4464285714286
691718,354.0,"Crow-Armstrong, Pete",335.0,92.0,337.0,187.0,779.0,1582.7142857142858,523.8163265306123
693304,237.0,"Gonzales, Nick",191.0,304.0,262.0,129.0,233.0,1208.5714285714287,366.3673469387755
694192,111.0,"Chourio, Jackson",170.0,315.0,61.0,155.0,242.0,896.4285714285714,278.6326530612245
694384,424.0,"Schanuel, Nolan",423.0,336.0,331.0,152.0,544.0,1287.0,499.57142857142856
694388,139.0,"Loperfido, Joey",55.0,311.0,279.0,375.0,693.0,1962.2,544.8857142857142
694671,46.0,"Langford, Wyatt",346.0,109.0,106.0,84.0,42.0,901.1428571428571,233.44897959183672
695578,77.0,"Wood, James",136.0,394.0,8.0,63.0,215.0,747.4285714285714,234.3469387755102
696100,28.0,"Goodman, Hunter",233.0,7.0,248.0,90.0,494.0,877.5,282.5
696285,430.0,"Young, Jacob",421.0,389.0,396.0,210.0,305.0,1615.857142857143,538.1224489795919
700250,188.0,"Rice, Ben",149.0,214.0,193.0,78.0,167.0,791.5,254.35714285714286
701538,176.0,"Merrill, Jackson",115.0,122.0,145.0,79.0,207.0,728.5,224.64285714285714
702358,309.0,"Lipscomb, Trey",69.0,386.0,363.0,351.0,784.0,1714.25,568.0357142857143
702616,274.0,"Holliday, Jackson",312.0,117.0,140.0,174.0,713.0,1769.0,499.85714285714283
807799,222.0,"Yoshida, Masataka",207.0,317.0,162.0,73.0,584.0,1291.2857142857142,408.0408163265306
