batter,player_name,mean_swing_speed,mean_estimated_woba,pitch_count,swing_speed_rank
444482,"Peralta, David",69.57086361742425,0.2885043859649123,528,220.0
453568,"Blackmon, Charlie",65.89333868949232,0.2615811518324607,847,381.0
455117,"Maldonado, Martín",68.7475170445344,0.22063963963963965,247,269.0
456781,"Solano, Donovan",65.16302961344537,0.2649250936329588,595,399.0
457705,"McCutchen, Andrew",70.8460944117647,0.3000051150895141,850,129.0
457759,"Turner, Justin",63.33831020920502,0.27652971576227386,956,422.0
467793,"Santana, Carlos",70.28243675126905,0.2873670886075949,985,166.0
500743,"Rojas, Miguel",65.28974161228406,0.2893625954198473,521,395.0
502054,"Pham, Tommy",71.3445722264631,0.3082518337408313,786,98.0
502110,"Martinez, J.D.",70.84124102145046,0.3279173126614987,979,130.0
502671,"Goldschmidt, Paul",71.17400767156863,0.3316564885496183,1224,109.0
514888,"Altuve, Jose",66.71470091703057,0.2886082862523541,1145,355.0
516782,"Marte, Starling",69.69514552419355,0.3231854103343465,744,207.0
518595,"d'Arnaud, Travis",70.03133581239531,0.28343495934959345,597,183.0
518692,"Freeman, Freddie",68.38391644813278,0.3225127201565558,1205,284.0
518735,"Grandal, Yasmani",67.1984439083558,0.30228125,371,340.0
518792,"Heyward, Jason",71.89144175619835,0.25989473684210523,484,74.0
518934,"LeMahieu, DJ",65.22919310850439,0.25542613636363637,341,397.0
519203,"Rizzo, Anthony",67.02946253246753,0.2492463768115942,616,346.0
519317,"Stanton, Giancarlo",79.54976661214953,0.36059090909090913,856,1.0
521692,"Perez, Salvador",71.75461890922959,0.3365487804878049,1311,86.0
527038,"Flores, Wilmer",64.07052154269972,0.2533236994219653,363,417.0
542194,"Bethancourt, Christian",68.25267777003485,0.2790416666666667,287,293.0
542303,"Ozuna, Marcell",72.33222884277733,0.3948904109589041,1253,63.0
543257,"Grossman, Robbie",65.7688377994429,0.24747953216374272,359,386.0
543309,"Higashioka, Kyle",68.99988577075098,0.30531380753138077,506,256.0
543510,"McCann, James",68.46685072727273,0.29646907216494844,440,280.0
543685,"Rendon, Anthony",66.61413467836257,0.25844242424242425,342,358.0
543760,"Semien, Marcus",66.2961038330632,0.27765017064846415,1234,374.0
543807,"Springer, George",69.58779421252372,0.28762448132780083,1054,219.0
543877,"Vázquez, Christian",66.39535847670251,0.26977443609022556,558,369.0
545121,"Vargas, Ildemaro",66.65206084782609,0.2436771653543307,460,357.0
545341,"Grichuk, Randal",71.85608480158731,0.3475450643776824,504,76.0
545361,"Trout, Mike",73.23552612440191,0.35855681818181817,209,31.0
547180,"Harper, Bryce",72.48901975864842,0.3289741035856574,1243,59.0
553869,"Díaz, Elias",72.09630247663551,0.2627269503546099,642,66.0
553993,"Suárez, Eugenio",69.92696553303965,0.3094621513944223,1135,190.0
570482,"Urshela, Gio",66.40145830923248,0.28263106796116505,899,366.0
571448,"Arenado, Nolan",68.73587906507791,0.2719138576779026,1091,271.0
571657,"Farmer, Kyle",64.94289383458646,0.24987634408602152,399,402.0
571745,"Haniger, Mitch",70.98874579020979,0.2635496894409938,715,117.0
571771,"Hernández, Enrique",69.79333648074369,0.26916231884057973,753,202.0
571912,"Maile, Luke",65.76021786821705,0.20642592592592593,258,387.0
571970,"Muncy, Max",69.67111432735426,0.2877874396135266,446,210.0
572138,"Singleton, Jon",70.00535180685358,0.29632558139534887,642,184.0
572191,"Taylor, Michael A.",70.30090629770991,0.2439054054054054,524,163.0
572233,"Walker, Christian",72.76595460098522,0.3124486873508353,1015,47.0
572761,"Carpenter, Matt",67.30036734375,0.2831376146788991,256,334.0
573262,"Yastrzemski, Mike",69.11151995243758,0.2752697201017812,841,246.0
575929,"Contreras, Willson",74.06079422955975,0.320015444015444,636,18.0
578428,"Iglesias, Jose",67.96951781931463,0.28010238907849827,642,307.0
592178,"Bryant, Kris",68.01711012345679,0.2530841121495327,243,304.0
592192,"Canha, Mark",66.52989101198402,0.23292485549132946,751,361.0
592206,"Castellanos, Nick",70.2397820494973,0.3211501831501832,1293,170.0
592273,"Drury, Brandon",70.70051703517588,0.23326102941176471,597,142.0
592450,"Judge, Aaron",75.5841509205021,0.47406868686868686,1195,4.0
592518,"Machado, Manny",73.29582832508251,0.3331642335766424,1212,29.0
592626,"Pederson, Joc",71.24798437246963,0.328558064516129,741,104.0
592663,"Realmuto, J.T.",71.73129095945946,0.3269665653495441,740,87.0
592669,"Renfroe, Hunter",73.68117007102272,0.2682155172413793,704,23.0
592696,"Rosario, Eddie",68.1824015140845,0.24764258555133078,568,296.0
592885,"Yelich, Christian",71.31700308139534,0.3384375,516,100.0
593160,"Merrifield, Whit",61.06419652173913,0.2347280701754386,529,436.0
593428,"Bogaerts, Xander",68.76964291223405,0.29526649076517153,752,265.0
593871,"Polanco, Jorge",67.23009896551724,0.28753107344632767,812,338.0
594807,"Duvall, Adam",71.23201322413793,0.26691891891891895,580,105.0
595281,"Kiermaier, Kevin",67.22990030612245,0.22112385321100916,490,339.0
595777,"Profar, Jurickson",69.34298646748682,0.3060468085106383,1138,236.0
595879,"Báez, Javier",73.10732438559322,0.2615021645021645,472,37.0
595909,"Cave, Jake",67.57776518463811,0.26,677,324.0
595978,"Hedges, Austin",65.88087462365591,0.14028925619834712,279,382.0
596019,"Lindor, Francisco",70.71639522542498,0.3571186991869919,1353,141.0
596103,"Slater, Austin",69.60846961764706,0.2657986111111111,340,217.0
596117,"Stubbs, Garrett",63.0543468465909,0.19844827586206895,352,425.0
596142,"Sánchez, Gary",71.11173336263737,0.2765137614678899,455,110.0
596146,"Kepler, Max",69.14669128,0.28025,750,242.0
600869,"Candelario, Jeimer",66.3983062754491,0.2620054794520548,835,367.0
602104,"Urías, Ramón",69.14287246296296,0.29256147540983607,540,243.0
605113,"Ahmed, Nick",64.97982910843373,0.24636516853932586,415,401.0
605131,"Barnes, Austin",65.28054892307692,0.2449310344827586,260,396.0
605137,"Bell, Josh",68.76500414370079,0.2896553911205074,1016,266.0
605141,"Betts, Mookie",66.89269814910026,0.2998610421836228,778,351.0
605170,"Caratini, Victor",70.45144830897704,0.30023076923076925,479,156.0
605204,"Davis, J.D.",71.23030167938931,0.23305357142857144,262,106.0
605361,"Martini, Nick",68.18872375451264,0.23939999999999997,277,295.0
606115,"Arcia, Orlando",68.87182546830653,0.23859475806451613,1057,261.0
606192,"Hernández, Teoscar",71.3820321088957,0.323524500907441,1304,96.0
606466,"Marte, Ketel",71.98621092750533,0.3563068181818182,938,70.0
607043,"Nimmo, Brandon",71.45530294770205,0.30495684803001877,1262,95.0
607208,"Turner, Trea",70.15142399033817,0.2908920704845815,1035,177.0
607680,"Pillar, Kevin",67.09297866776315,0.25486770428015565,608,344.0
607732,"Stallings, Jacob",66.01537894396552,0.2821042654028436,464,378.0
608070,"Ramírez, José",69.92811824444445,0.30356930693069306,1350,189.0
608324,"Bregman, Alex",69.85804269343781,0.3065863377609108,1021,195.0
608336,"Gallo, Joey",70.70034721719456,0.262438202247191,442,143.0
608348,"Kelly, Carson",68.26823172131148,0.27968979591836735,488,292.0
608369,"Seager, Corey",70.72531658940397,0.3658546365914787,906,140.0
608385,"Winker, Jesse",67.58145166853303,0.30629866666666666,893,323.0
608671,"Jankowski, Travis",64.70643507163324,0.20502469135802467,349,408.0
608701,"Refsnyder, Rob",70.88986025641026,0.3031566265060241,546,126.0
608841,"Meneses, Joey",68.99710759223302,0.23791666666666667,515,257.0
609280,"Andujar, Miguel",69.90930898275863,0.2702551724137931,580,193.0
620443,"Torrens, Luis",70.21444766816144,0.29403883495145633,223,173.0
621020,"Swanson, Dansby",69.98913506386862,0.29700204081632653,1096,186.0
621028,"Newman, Kevin",65.18790333333334,0.2606985294117647,516,398.0
621035,"Taylor, Chris",67.1463846625767,0.28827027027027025,489,342.0
621043,"Correa, Carlos",73.16000856392294,0.3414908424908425,571,32.0
621438,"Taylor, Tyrone",69.03548581259152,0.2899085173501577,683,249.0
621439,"Buxton, Byron",72.85305707015131,0.3411451612903226,727,42.0
621466,"Stewart, DJ",69.85251788732394,0.279488,284,196.0
621493,"Ward, Taylor",67.9830877093359,0.3122114624505929,1039,306.0
621512,"Nido, Tomás",69.34405249146756,0.277584,293,235.0
621550,"Wisdom, Patrick",73.27395573529411,0.2683450704225352,340,30.0
621566,"Olson, Matt",72.25813287889775,0.3101714285714286,1379,64.0
622534,"Margot, Manuel",70.00015163132137,0.2880625,613,185.0
622761,"Mateo, Jorge",69.71779408521303,0.24716949152542375,399,205.0
623912,"Ramírez, Harold",69.91004426605504,0.24968599033816427,436,191.0
623993,"Santander, Anthony",71.730166107739,0.29841636363636365,1318,88.0
624413,"Alonso, Pete",73.42353499166666,0.31328368794326245,1200,27.0
624415,"Biggio, Cavan",63.773804903846155,0.21804761904761905,312,420.0
624424,"Conforto, Michael",72.64398577164366,0.3340053908355795,797,56.0
624428,"Frazier, Adam",64.38401003683241,0.2570128205128205,543,412.0
624431,"Trevino, Jose",67.48977614457831,0.23723913043478262,332,330.0
624503,"Gordon, Nick",66.3974186607143,0.2544385964912281,560,368.0
624512,"McGuire, Reese",66.90764919831223,0.25660377358490566,237,350.0
624585,"Soler, Jorge",73.87072634791454,0.32922663551401865,983,20.0
624641,"Sosa, Edmundo",71.21535111504424,0.2670739130434783,565,108.0
628451,"Ibáñez, Andy",68.2702804375,0.2374131455399061,480,291.0
630105,"Cronenworth, Jake",67.02497405660377,0.2849546351084813,1166,347.0
641313,"Anderson, Tim",67.82200399548533,0.23504102564102564,443,312.0
641343,"Bauers, Jake",71.83011297058825,0.2829812734082397,680,78.0
641355,"Bellinger, Cody",67.37117744444446,0.27654697286012525,990,333.0
641432,"Calhoun, Willie",68.5889889312977,0.26531884057971017,393,276.0
641487,"Crawford, J.P.",70.10571278779473,0.27514071856287425,721,180.0
641584,"Fraley, Jake",70.40614751366121,0.25473374613003097,732,158.0
641598,"Garver, Mitch",69.47487449554896,0.242546875,674,226.0
641645,"Guillorme, Luis",62.721806280487804,0.23795205479452056,328,428.0
641658,"Hampson, Garrett",65.44087375,0.2538,408,392.0
641680,"Heim, Jonah",68.53039644219977,0.2537192118226601,891,278.0
641857,"McMahon, Ryan",70.63583810650887,0.2954626556016598,1183,147.0
641933,"O'Neill, Tyler",73.77757625463535,0.32680298507462685,809,22.0
642086,"Smith, Dominic",67.15172347014925,0.27195867768595045,536,341.0
642133,"Tellez, Rowdy",72.69994494814814,0.2772382352941176,675,51.0
642136,"Thaiss, Matt",70.24664087227414,0.22432592592592593,321,169.0
642180,"Wade, Tyler",61.92095824074074,0.2606017699115044,216,433.0
642350,"Siri, Jose",69.5053959375,0.2943431952662722,832,223.0
642708,"Rosario, Amed",69.90955684552846,0.2647328767123288,615,192.0
642715,"Adames, Willy",72.05828059656973,0.3227686832740213,1341,68.0
642731,"Estrada, Thairo",68.79732708333333,0.2603809523809524,600,263.0
643217,"Benintendi, Andrew",65.70975900552486,0.2917072599531616,905,388.0
643289,"Dubón, Mauricio",67.24238879432623,0.2580159574468085,846,337.0
643376,"Jansen, Danny",66.3789856133829,0.2401764705882353,538,370.0
643396,"Kiner-Falefa, Isiah",64.8741666162311,0.26819753086419756,727,406.0
643446,"McNeil, Jeff",66.42726976112921,0.2590329113924051,921,365.0
643565,"Tauchman, Mike",67.51910902548725,0.28652272727272726,667,327.0
645277,"Albies, Ozzie",67.39763146511628,0.27661797752808986,860,332.0
645302,"Robles, Victor",63.143280712909444,0.2971126126126126,519,423.0
645444,"Herrera, Jose",62.65636298507462,0.22663636363636364,201,429.0
646240,"Devers, Rafael",70.76082052820054,0.3384721603563474,1117,137.0
647304,"Naylor, Josh",70.98801190924658,0.2942992700729927,1168,118.0
647351,"Toro, Abraham",67.78645501650166,0.2696397306397306,606,315.0
650333,"Arraez, Luis",61.4365593632287,0.3051147826086957,1115,435.0
650391,"Jiménez, Eloy",71.96231520979022,0.28694661921708187,572,73.0
650402,"Torres, Gleyber",68.36761783018868,0.2974362292051756,1272,285.0
650489,"Castro, Willi",68.88675854080792,0.2975525773195876,1213,260.0
650490,"Díaz, Yandy",72.09048391523713,0.32305273833671405,991,67.0
650559,"De La Cruz, Bryan",70.12060070588235,0.28896629213483144,1190,178.0
650859,"Rengifo, Luis",67.77383237847222,0.2676705882352941,576,316.0
655316,"Monasterio, Andruw",66.27008462962962,0.257212389380531,270,375.0
656180,"Adams, Riley",73.85695579591837,0.2489903846153846,245,21.0
656305,"Chapman, Matt",74.53057703839121,0.3165820895522388,1094,16.0
656413,"Fairchild, Stuart",66.5180153125,0.24908187134502927,384,362.0
656537,"Hill, Derek",68.48187964968153,0.28985714285714287,314,279.0
656541,"Hilliard, Sam",72.05572486394557,0.25935772357723574,294,69.0
656555,"Hoskins, Rhys",68.95031909890109,0.26090609137055837,910,258.0
656577,"Jackson, Alex",71.78706398753894,0.196968253968254,321,83.0
656582,"Joe, Connor",69.88407875,0.22779099678456594,648,194.0
656716,"McKinstry, Zach",65.3635238341969,0.26379629629629625,579,393.0
656775,"Mullins, Cedric",67.7356900527983,0.2622648514851485,947,317.0
656811,"O'Hearn, Ryan",71.06496436342593,0.33083541147132167,864,114.0
656896,"Rivera, Emmanuel",68.0275898348624,0.2904728033472803,545,303.0
656941,"Schwarber, Kyle",74.94684174545455,0.35072762645914396,1100,8.0
656976,"Smith, Pavin",71.22493914163091,0.36635199999999996,233,107.0
657041,"Thomas, Lane",69.94756350380848,0.3138475750577367,919,187.0
657077,"Verdugo, Alex",66.34305511675127,0.2648178217821782,985,372.0
657136,"Wong, Connor",70.21993699018539,0.27243034825870643,917,172.0
657557,"DeJong, Paul",70.8664342815534,0.2693120567375886,1030,127.0
657656,"Laureano, Ramón",70.63891808652247,0.30446062992125983,601,146.0
657757,"Sheets, Gavin",70.79689692142088,0.2977813267813268,929,135.0
658668,"Olivares, Edward",69.78115114705882,0.2999127516778523,340,203.0
660271,"Ohtani, Shohei",74.67892503714711,0.438402376910017,1346,13.0
660644,"Bruján, Vidal",64.37400533333334,0.22946411483253587,510,413.0
660670,"Acuña Jr., Ronald",74.64940614525139,0.3257793103448276,358,14.0
660688,"Ruiz, Keibert",64.93820134401973,0.25717814726840854,811,403.0
660707,"Montero, Elehuris",73.52997306976744,0.2522445652173913,430,24.0
660766,"Yepez, Juan",69.00965981210857,0.27896279069767443,479,254.0
660821,"Sánchez, Jesús",72.93416852077002,0.33196674584323044,987,39.0
661388,"Contreras, William",72.66035384300899,0.3298,1223,53.0
662139,"Varsho, Daulton",71.78883772527472,0.22915174129353233,910,82.0
663368,"Perkins, Blake",65.92669581491712,0.2579352112676056,724,380.0
663457,"Nootbaar, Lars",70.49407384615385,0.3330921052631579,598,152.0
663527,"Nevin, Tyler",66.09239754098361,0.2485990566037736,488,377.0
663538,"Hoerner, Nico",66.7118522190746,0.2892905660377359,1059,356.0
663586,"Riley, Austin",73.13087739759035,0.35449577464788734,830,34.0
663616,"Larnach, Trevor",71.0902337537092,0.3240716510903427,674,112.0
663624,"Mountcastle, Ryan",73.49468735586481,0.30598152424942265,1006,25.0
663647,"Hayes, Ke'Bryan",70.43034135593221,0.26965676567656766,590,157.0
663656,"Tucker, Kyle",69.6651322113503,0.37250643776824033,511,212.0
663662,"Cameron, Daz",70.24758565982404,0.270474025974026,341,168.0
663697,"India, Jonathan",69.36691833876222,0.3166798143851508,921,234.0
663698,"Bart, Joey",72.64752350622408,0.3278387096774194,482,54.0
663728,"Raleigh, Cal",72.82429689935064,0.3268877551020408,1232,44.0
663743,"Fortes, Nick",67.27880357142858,0.2375830258302583,518,335.0
663757,"Grisham, Trent",67.50754544554455,0.28089261744966443,303,328.0
663837,"Vierling, Matt",69.82016456888009,0.290796218487395,1009,200.0
663853,"Gonzalez, Romy",72.64726657718121,0.30716931216931215,447,55.0
663886,"Stephenson, Tyler",68.71738558457712,0.30588461538461537,804,272.0
663898,"Rodgers, Brendan",69.61348859708193,0.2865304568527919,891,215.0
663993,"Lowe, Nathaniel",71.66805894684052,0.2952427616926503,997,89.0
664023,"Happ, Ian",70.56714324894516,0.31526546906187625,1185,149.0
664034,"France, Ty",69.3147158127572,0.265436018957346,972,238.0
664040,"Lowe, Brandon",70.95398332163742,0.3318080229226361,855,122.0
664056,"Bader, Harrison",69.11637158536585,0.27763414634146344,738,244.0
664238,"Moore, Dylan",70.99277748290014,0.2571238390092879,731,116.0
664314,"Florial, Estevan",70.81866162679427,0.22092499999999998,209,132.0
664728,"Isbel, Kyle",68.74794872701555,0.2504356725146199,707,268.0
664761,"Bohm, Alec",70.95928782089553,0.33322619047619045,1005,121.0
664774,"Wade Jr., LaMonte",70.48810003184714,0.3096983050847458,628,153.0
664901,"Mendick, Danny",65.1223125203252,0.2214778761061947,246,400.0
664913,"Brown, Seth",71.50675495351925,0.2916871165644172,753,92.0
664983,"McCarthy, Jake",64.09836145985402,0.286221635883905,822,416.0
665019,"Clemens, Kody",69.61303169421488,0.23440350877192984,242,216.0
665161,"Peña, Jeremy",70.45715615517241,0.2906904761904762,1160,155.0
665487,"Tatis Jr., Fernando",72.1291798941799,0.37470194986072425,756,65.0
665489,"Guerrero Jr., Vladimir",74.55479472173913,0.3940699815837937,1150,15.0
665506,"Pache, Cristian",68.73601295652175,0.22067669172932333,345,270.0
665742,"Soto, Juan",72.98625513011152,0.44633898305084746,1076,38.0
665750,"Taveras, Leody",69.03184751101321,0.283647201946472,908,250.0
665804,"Amaya, Miguel",70.86593849315068,0.2771003344481605,657,128.0
665828,"Cabrera, Oswaldo",66.47334251346498,0.26413253012048193,557,364.0
665833,"Cruz, Oneil",76.59705935483872,0.33459038901601834,961,3.0
665839,"Valdez, Enmanuel",68.75428536111112,0.2787730061349693,360,267.0
665862,"Chisholm Jr., Jazz",69.09767029891304,0.27736875,1104,248.0
665926,"Giménez, Andrés",65.83884724033358,0.262948623853211,1319,384.0
665953,"Chaparro, Andrés",70.56604925,0.27770689655172415,280,150.0
666018,"Aranda, Jonathan",68.24902336099586,0.33628,241,294.0
666023,"Fermin, Freddy",68.27283125904486,0.2581342281879195,691,290.0
666134,"Jones, Nolan",68.86490154017858,0.2682319587628866,448,262.0
666135,"Kirilloff, Alex",71.08290347972974,0.28354135338345865,296,113.0
666139,"Lowe, Josh",71.2939582117647,0.2796626865671642,850,101.0
666149,"Fitzgerald, Tyler",67.55082881107492,0.28225978647686834,614,325.0
666150,"Fletcher, Dominic",64.70577544080605,0.24132275132275133,397,409.0
666152,"Hamilton, David",65.3565066228893,0.27172348484848485,533,394.0
666158,"Lux, Gavin",69.66806737089202,0.30310886075949367,852,211.0
666160,"Moniak, Mickey",70.91861017814728,0.27269722222222226,842,125.0
666163,"Rortvedt, Ben",68.00609832129965,0.22721115537848607,554,305.0
666176,"Adell, Jo",74.74855824063565,0.3056760563380282,881,10.0
666181,"Benson, Will",69.65883309392265,0.23283098591549295,724,213.0
666182,"Bichette, Bo",68.55737877374784,0.284643137254902,579,277.0
666185,"Carlson, Dylan",65.8705388030888,0.21862801932367149,518,383.0
666310,"Naylor, Bo",68.38423282970551,0.24166961651917404,781,283.0
666397,"Julien, Edouard",69.83993265934066,0.27711398963730566,455,199.0
666464,"Encarnacion, Jerar",75.06681088607596,0.362377358490566,237,7.0
666624,"Morel, Christopher",74.05561886363635,0.2965586956521739,1056,19.0
666969,"García, Adolis",70.29793725346374,0.268474609375,1227,164.0
666971,"Gurriel Jr., Lourdes",68.71279612182741,0.3039977777777778,985,273.0
667452,"Julks, Corey",69.25864608069163,0.24212727272727272,347,240.0
667670,"Rooker, Brent",71.82404144784174,0.3714748953974895,1112,79.0
668227,"Arozarena, Randy",70.28351583022388,0.2873468085106383,1072,165.0
668670,"Rogers, Jake",69.11468718543047,0.28698625429553265,604,245.0
668709,"Bleday, JJ",69.39602614379085,0.28860510805500983,1071,232.0
668715,"Steer, Spencer",69.805151462307,0.2736492248062016,1101,201.0
668804,"Reynolds, Bryan",69.69224015663643,0.3282228260869565,1213,208.0
668832,"McCann, Kyle",70.92389740072203,0.26056302521008406,277,124.0
668845,"Schunk, Aaron",65.62731421296296,0.24548809523809523,216,389.0
668885,"Martin, Austin",63.74511611528822,0.27945853658536585,399,421.0
668901,"Vientos, Mark",70.10877657172996,0.3150480769230769,948,179.0
668904,"Lewis, Royce",71.28041709265176,0.2880830324909748,626,103.0
668930,"Turang, Brice",63.03046770295203,0.26603846153846156,1084,426.0
668939,"Rutschman, Adley",67.5431305882353,0.2844789272030651,1105,326.0
668942,"Rojas, Josh",64.3376918014706,0.2554242424242424,816,414.0
669003,"Mitchell, Garrett",72.74441817258884,0.31111656441717794,394,49.0
669004,"Melendez, MJ",71.29109734778122,0.2897696335078534,969,102.0
669016,"Marsh, Brandon",70.09827098136645,0.31071978021978025,805,181.0
669065,"Stowers, Kyle",71.7550207762557,0.2741363636363636,438,85.0
669127,"Langeliers, Shea",72.8831225751073,0.3294247572815534,932,41.0
669134,"Campusano, Luis",67.49367707589286,0.24713452914798206,448,329.0
669221,"Murphy, Sean",70.93136560165975,0.2786467889908257,482,123.0
669222,"Senzel, Nick",66.47620473118279,0.2743150684931507,465,363.0
669224,"Wells, Austin",70.68021749699157,0.3056164772727273,831,144.0
669234,"Malloy, Justyn-Henry",66.79571796839728,0.24468478260869564,443,353.0
669242,"Edman, Tommy",68.0389995389049,0.2686823529411765,347,301.0
669257,"Smith, Will",65.80543346230158,0.2762978723404255,1008,385.0
669261,"Suwinski, Jack",70.66209046770602,0.24574093264248703,449,145.0
669289,"Espinal, Santiago",64.75613519005849,0.25897507788161994,684,407.0
669304,"Miranda, Jose",69.01549606020941,0.28306811989100816,764,253.0
669357,"Gorman, Nolan",70.96311160739687,0.3043481228668942,703,120.0
669364,"Edwards, Xavier",61.8650474,0.26629831932773107,550,434.0
669394,"Burger, Jake",72.91586959183674,0.3309871794871795,1029,40.0
669701,"Smith, Josh",67.42693118421053,0.27243006263048014,1064,331.0
669707,"Triolo, Jared",68.30016694587628,0.26882926829268294,776,289.0
669720,"Hays, Austin",70.81569986111111,0.26471904761904763,432,133.0
669743,"Call, Alex",64.92414883495145,0.27927173913043474,206,404.0
669911,"Toglia, Michael",71.56145480676328,0.34015072463768115,828,90.0
670032,"Lopez, Nicky",61.98799178521618,0.22119653179190754,717,432.0
670042,"Raley, Luke",72.67633599051008,0.29569806094182827,843,52.0
670242,"Wallner, Matt",74.78645010893247,0.3475730337078652,459,9.0
670541,"Alvarez, Yordan",75.24088796660118,0.3994562118126273,1018,6.0
670623,"Paredes, Isaac",66.61214877104378,0.25003512396694216,1188,359.0
670764,"Walls, Taylor",64.91181202643172,0.21187373737373738,454,405.0
670770,"Friedl, TJ",67.80450141791046,0.2464721189591078,536,314.0
671056,"Herrera, Iván",71.8595186492891,0.33573762376237626,422,75.0
671213,"Casas, Triston",72.35740721354166,0.32348076923076924,384,62.0
671218,"Ramos, Heliot",73.1190587941788,0.33551173708920184,962,35.0
671277,"García Jr., Luis",69.74575953539822,0.33042889908256884,904,204.0
671289,"Freeman, Tyler",69.39413838160137,0.2603263157894737,587,233.0
671732,"Butler, Lawrence",72.4701071625,0.35259154929577463,800,60.0
671739,"Harris II, Michael",73.11444651920839,0.32878446115288223,859,36.0
672275,"Bailey, Patrick",69.84089336239104,0.3029461756373938,803,198.0
672279,"Siani, Michael",64.62105376470588,0.22084496124031008,595,411.0
672284,"Kelenic, Jarred",70.83672290482076,0.30042857142857143,809,131.0
672356,"Arias, Gabriel",72.52920126153846,0.2485746268656716,325,58.0
672386,"Kirk, Alejandro",68.35364799999999,0.2854557823129252,625,286.0
672515,"Moreno, Gabriel",69.10993847942754,0.2849566929133858,559,247.0
672580,"Garcia, Maikel",68.43487578947368,0.2866384615384615,988,282.0
672640,"Lopez, Otto",68.34226633637549,0.29525526315789474,767,287.0
672695,"Perdomo, Geraldo",62.90918888695652,0.24560431654676262,575,427.0
672761,"Pérez, Wenceel",68.78640722699386,0.27210439560439564,815,264.0
672820,"Sosa, Lenyn",70.1848899439776,0.31894561933534743,714,175.0
673237,"Diaz, Yainer",71.04226101867572,0.324220802919708,1178,115.0
673357,"Robert Jr., Luis",72.84142150063052,0.26979883381924197,793,43.0
673490,"Kim, Ha-Seong",66.55321776096822,0.2790153374233129,661,360.0
673548,"Suzuki, Seiya",70.7766902012712,0.3331519274376417,944,136.0
673962,"Jung, Josh",70.32265475884245,0.29464625850340137,311,161.0
676059,"Westburg, Jordan",68.92831723376624,0.3350677966101695,770,259.0
676356,"DeLuca, Jonny",68.32988697443182,0.2592406779661017,704,288.0
676369,"Velázquez, Nelson",71.97629683937824,0.28517714285714285,386,71.0
676391,"Clement, Ernie",64.19432887451488,0.27078,773,415.0
676475,"Burleson, Alec",69.40139637759711,0.30986138613861386,1107,231.0
676609,"Caballero, José",66.80557417556346,0.24576139410187667,843,352.0
676694,"Meyers, Jake",65.46975970260223,0.25901101928374654,807,390.0
676801,"McCormick, Chas",68.44248012396694,0.2741442307692308,484,281.0
676914,"Schneider, Davis",67.7333053298153,0.24816257668711655,758,318.0
677008,"Kjerstad, Heston",69.67571581497798,0.2616626506024096,227,209.0
677587,"Rocchio, Brayan",66.30559637575757,0.23898644986449866,825,373.0
677588,"Tena, José",69.03110513513514,0.30256944444444445,333,251.0
677594,"Rodríguez, Julio",74.39183590720796,0.3346367265469062,1207,17.0
677649,"Duran, Ezequiel",69.70676030131827,0.2476,531,206.0
677800,"Abreu, Wilyer",72.74717254480286,0.28959299191374666,837,48.0
677870,"Jiménez, Leo",67.60115296103896,0.2707317073170732,385,322.0
677942,"Alexander, Blaze",70.97204051671731,0.22756934306569343,329,119.0
677951,"Witt Jr., Bobby",73.14612641613924,0.38172390572390574,1264,33.0
678009,"Meadows, Parker",68.11615532142856,0.27926377952755904,560,300.0
678246,"Vargas, Miguel",67.7151518018018,0.22392473118279568,444,319.0
678554,"Mead, Curtis",71.76511547169811,0.2687920792079208,212,84.0
678662,"Tovar, Ezequiel",69.4039256773743,0.28092979452054795,1432,229.0
678877,"Noel, Jhonkensy",76.71768267573695,0.2970163043478261,441,2.0
678882,"Rafaela, Ceddanne",67.64706481788079,0.27529938900203665,1208,320.0
679032,"Rojas, Johan",66.97729893617021,0.2504705882352941,611,349.0
679529,"Torkelson, Spencer",71.97174315126051,0.25931125827814566,714,72.0
679845,"Loftin, Nick",67.8497706882591,0.2457890625,247,311.0
680118,"Blanco, Dairon",70.5706303125,0.27492307692307694,224,148.0
680474,"Schuemann, Max",65.4424258410596,0.2683670520231214,755,391.0
680700,"Palacios, Richie",67.25235854578098,0.2723201754385965,557,336.0
680718,"Barger, Addison",72.56773279187817,0.28895698924731184,394,57.0
680757,"Kwan, Steven",62.3492943627451,0.29559101654846337,816,431.0
680776,"Duran, Jarren",71.81430609387431,0.3194949494949495,1257,81.0
680777,"Jeffers, Ryan",70.31426778443114,0.28707629427792913,835,162.0
680779,"Davis, Henry",70.08118005,0.16294805194805195,200,182.0
680869,"Gelof, Zack",69.44035122367102,0.25377045454545455,997,228.0
680977,"Donovan, Brendan",67.63492806739346,0.3088709055876686,1009,321.0
681082,"Stott, Bryson",66.12841084607543,0.27697844827586204,981,376.0
681146,"Bride, Jonah",65.93308591478697,0.24988205128205127,399,379.0
681297,"Cowser, Colton",71.5585893972332,0.3161010989010989,1012,91.0
681351,"O'Hoppe, Logan",68.14879670526317,0.3025288461538462,950,298.0
681393,"Norby, Connor",68.03407910165485,0.2871358024691358,423,302.0
681460,"Baldwin, Brooks",69.02542258333332,0.26433962264150945,240,252.0
681481,"Carpenter, Kerry",69.59316022648083,0.36761354581673306,574,218.0
681546,"Outman, James",70.79978343612335,0.21188636363636365,227,134.0
681624,"Pages, Andy",71.3365722675737,0.3110861618798956,882,99.0
681807,"Fry, David",68.66774507060335,0.29347936507936506,779,275.0
682177,"Schneemann, Daniel",69.40355125827814,0.25131693989071036,453,230.0
682622,"Marte, Noelvi",71.37950444915255,0.27015023474178407,472,97.0
682626,"Alvarez, Francisco",71.81697774960381,0.2655255972696246,631,80.0
682641,"Matos, Luis",70.235215323741,0.25902189781021895,278,171.0
682657,"Martínez, Angel",67.03356345047924,0.23309489051094892,313,345.0
682829,"De La Cruz, Elly",72.73596378059837,0.3268774703557312,1103,50.0
682928,"Abrams, CJ",69.84261227592268,0.29612857142857146,1138,197.0
682985,"Greene, Riley",73.46269431334622,0.332704347826087,1034,26.0
682998,"Carroll, Corbin",71.47418914116486,0.3001689587426326,1013,93.0
683002,"Henderson, Gunnar",74.7024065060241,0.3569172535211268,1245,12.0
683011,"Volpe, Anthony",66.98267052671756,0.26640986394557825,1310,348.0
683146,"Baty, Brett",70.27409939597315,0.213075,298,167.0
683734,"Vaughn, Andrew",69.4584632412523,0.30291650485436894,1086,227.0
683737,"Busch, Michael",68.15949786350149,0.30092601431980903,1011,297.0
686217,"Frelick, Sal",63.812109864532026,0.26975794621026894,812,419.0
686469,"Pasquantino, Vinnie",70.34181253968255,0.3114352441613588,1008,160.0
686527,"Canzone, Dominic",70.72851164634146,0.2924647887323944,328,138.0
686611,"Crews, Dylan",70.54545323275862,0.32032710280373833,232,151.0
686668,"Doyle, Brenton",69.2161948627451,0.3221583514099783,1020,241.0
686676,"Lee, Korey",69.62887598773005,0.2456765578635015,815,214.0
686681,"Massey, Michael",69.48515959183673,0.29567536231884056,735,224.0
686780,"Pagés, Pedro",70.19225459330144,0.25751351351351354,418,174.0
686797,"Lee, Brooks",67.82086368932039,0.26700641025641025,309,313.0
686823,"Brennan, Will",67.1025299389313,0.27481818181818185,655,343.0
687231,"Hernaiz, Darell",66.36513297674419,0.2456448598130841,215,371.0
687263,"Neto, Zach",68.14277016504855,0.2764051172707889,1030,299.0
687363,"Scott II, Victor",63.846318626609445,0.2611834862385321,233,418.0
687401,"Ortiz, Joey",71.47067552884616,0.26933665835411474,832,94.0
687462,"Horwitz, Spencer",67.89785770773639,0.3007108843537415,698,310.0
687529,"McCray, Grant",70.37629197674418,0.2302429906542056,258,159.0
687597,"Beck, Jordan",69.48354754385964,0.25190131578947367,342,225.0
689172,"Wisely, Brett",64.64636680525165,0.23218981481481482,457,410.0
690993,"Keith, Colt",69.54697563394683,0.2895636743215031,978,221.0
691016,"Soderstrom, Tyler",72.81910059322034,0.32111585365853657,354,45.0
691023,"Walker, Jordan",75.41232307167235,0.2732753623188406,293,5.0
691026,"Winn, Masyn",67.9576688277087,0.27381015037593986,1126,308.0
691406,"Caminero, Junior",74.71055565068494,0.2895974025974026,292,11.0
691718,"Crow-Armstrong, Pete",66.76113804761904,0.2681374269005848,840,354.0
693304,"Gonzales, Nick",69.3210075033557,0.3088529411764706,745,237.0
694192,"Chourio, Jackson",71.10155970133883,0.317853813559322,971,111.0
694384,"Schanuel, Nolan",63.064761322691,0.29126941747572815,877,424.0
694388,"Loperfido, Joey",70.72798978557505,0.2546556603773585,513,139.0
694497,"Carter, Evan",69.2686875,0.2823564356435644,200,239.0
694671,"Langford, Wyatt",72.78652766262404,0.32284037558685447,907,46.0
695578,"Wood, James",71.83496131931166,0.34385245901639344,523,77.0
696100,"Goodman, Hunter",73.41280914798206,0.260734375,446,28.0
696285,"Young, Jacob",62.357830864928914,0.2705232273838631,844,430.0
700242,"Sweeney, Trey",72.44452275471698,0.26645762711864407,265,61.0
700250,"Rice, Ben",69.94571110091744,0.3106857142857143,327,188.0
700932,"Manzardo, Kyle",70.48570822629969,0.27459235668789805,327,154.0
701538,"Merrill, Jackson",70.1751747107438,0.3553561643835616,1210,176.0
702358,"Lipscomb, Trey",67.90092138418079,0.22093292682926827,354,309.0
702616,"Holliday, Jackson",68.66977549071618,0.244121387283237,377,274.0
807799,"Yoshida, Masataka",69.53545499252616,0.29168621700879765,669,222.0
808982,"Lee, Jung Hoo",69.00479149038462,0.2931578947368421,208,255.0
